白	1
勺	2
的	3
手	4
戈	5
我	6
小	7
𠂉	8
尔	9
亻	10
你	11
日	12
𤴓	13
是	14
了	15
不	16
土	17
在	18
也	19
他	20
门	21
们	22
我们	23
女	24
子	25
好	26
月	27
𠂇	28
有	29
文	30
辶	31
这	32
口	33
丶	34
尢	35
尤	36
亠	37
京	38
就	39
人	40
云	41
会	42
马	43
吗	44
覀	45
要	46
么	47
十	48
什	49
什么	50
兑	51
讠	52
说	53
她	54
心	55
木	56
目	57
相	58
想	59
艮	60
彳	61
很	62
首	63
道	64
矢	65
知	66
知道	67
巴	68
吧	69
阝	70
那	71
一	72
耂	73
者	74
都	75
氵	76
殳	77
没	78
禾	79
和	80
他们	81
至	82
刂	83
到	84
个	85
又	86
寸	87
对	88
丁	89
可	90
阿	91
啊	92
还	93
扌	94
把	95
上	96
让	97
古	98
攵	99
故	100
做	101
亼	102
合	103
纟	104
给	105
一个	106
你们	107
过	108
来	109
去	110
没有	111
㝵	112
得	113
看	114
具	115
真	116
羊	117
着	118
这个	119
乍	120
怎	121
怎么	122
见	123
王	124
现	125
现在	126
厶	127
匕	128
能	129
𠄌	130
以	131
可以	132
卜	133
占	134
灬	135
点	136
尸	137
尼	138
呢	139
如	140
田	141
果	142
如果	143
八	144
只	145
力	146
另	147
别	148
旦	149
但	150
皮	151
衤	152
被	153
龰	154
走	155
大	156
太	157
样	158
这样	159
足	160
跟	161
牛	162
告	163
斥	164
诉	165
告诉	166
为	167
囗	168
因	169
因为	170
自	171
己	172
自己	173
斤	174
听	175
里	176
这里	177
忄	178
夬	179
快	180
隹	181
谁	182
但是	183
夕	184
多	185
时	186
矦	187
候	188
时候	189
已	190
𢀖	191
经	192
已经	193
身	194
射	195
谢	196
谢谢	197
冖	198
⺍	199
觉	200
觉得	201
天	202
象	203
像	204
这么	205
宀	206
它	207
肀	208
事	209
从	210
儿	211
𠂒	212
先	213
生	214
先生	215
找	216
耳	217
取	218
最	219
欠	220
壴	221
喜	222
欢	223
喜欢	224
可能	225
而	226
雨	227
需	228
需要	229
是的	230
歹	231
死	232
冫	233
次	234
凵	235
屮	236
出	237
那么	238
那个	239
黑	240
嘿	241
下	242
千	243
舌	244
话	245
西	246
东	247
东西	248
亥	249
该	250
广	251
H	252
应	253
应该	254
孩	255
孩子	256
巳	257
起	258
起来	259
戶	260
所	261
所以	262
止	263
此	264
二	265
些	266
这些	267
龷	268
昔	269
钅	270
错	271
还有	272
再	273
用	274
哦	275
丩	276
叫	277
寺	278
竹	279
等	280
问	281
页	282
题	283
问题	284
一起	285
拿	286
开	287
始	288
开始	289
干	290
丰	291
邦	292
巾	293
帮	294
打	295
间	296
时间	297
龶	298
青	299
请	300
回	301
作	302
工	303
工作	304
𠂋	305
后	306
肰	307
然	308
然后	309
⺌	310
彐	311
当	312
戋	313
钱	314
一样	315
才	316
情	317
事情	318
就是	319
乞	320
吃	321
所有	322
一下	323
豕	324
家	325
冂	326
尚	327
常	328
非	329
非常	330
看到	331
布	332
㐅	333
希	334
亡	335
𡈼	336
望	337
希望	338
那些	339
哪	340
当然	341
午	342
许	343
也许	344
友	345
朋	346
朋友	347
妈	348
妈妈	349
言	350
信	351
相信	352
为什么	353
认	354
认为	355
中	356
这儿	357
今	358
今天	359
明	360
明白	361
直	362
一直	363
看看	364
杀	365
地	366
方	367
地方	368
不过	369
发	370
发生	371
回来	372
准	373
夂	374
备	375
准备	376
找到	377
父	378
爸	379
爸爸	380
刀	381
七	382
切	383
一切	384
勹	385
包	386
抱	387
兼	388
歉	389
抱歉	390
两	391
比	392
戊	393
咸	394
感	395
感觉	396
只是	397
出来	398
不要	399
㐫	400
禸	401
离	402
离开	403
一点	404
	405
定	406
一定	407
还是	408
发现	409
主	410
住	411
件	412
且	413
而且	414
丿	415
必	416
彡	417
须	418
必须	419
立	420
音	421
意	422
思	423
意思	424
年	425
放	426
更	427
不错	428
几	429
肯	430
肯定	431
电	432
电话	433
为了	434
高	435
搞	436
𡗗	437
𠀆	438
奉	439
棒	440
𢎨	441
第	442
第一	443
井	444
进	445
那样	446
大家	447
亲	448
新	449
您	450
一些	451
车	452
那里	453
以为	454
兴	455
高兴	456
老	457
位	458
行	459
过来	460
卓	461
掉	462
等等	463
活	464
生活	465
头	466
乛	467
买	468
种	469
匚	470
医	471
医生	472
爫	473
爱	474
卅	475
带	476
最后	477
䒑	478
前	479
之	480
之前	481
火	482
伙	483
计	484
伙计	485
嗯	486
何	487
壬	488
任	489
任何	490
很多	491
哪儿	492
这种	493
六	494
帝	495
上帝	496
女人	497
名	498
字	499
名字	500
识	501
认识	502
坐	503
免	504
晚	505
今晚	506
其	507
其他	508
曷	509
喝	510
记	511
记得	512
家伙	513
或	514
或者	515
与	516
写	517
牙	518
穴	519
穿	520
廾	521
弄	522
过去	523
哪里	524
呃	525
拉	526
啦	527
卩	528
却	529
𥃲	530
算	531
担	532
担心	533
米	534
𠃊	535
继	536
续	537
继续	538
关	539
送	540
女孩	541
元	542
玩	543
正	544
三	545
亲爱	546
下来	547
成	548
条	549
丬	550
将	551
句	552
够	553
父亲	554
以前	555
跑	556
早	557
𦍌	558
美	559
玉	560
国	561
美国	562
并	563
完	564
全	565
完全	566
宝	567
贝	568
宝贝	569
丂	570
号	571
仓	572
枪	573
犭	574
狗	575
可是	576
介	577
界	578
世	579
世界	580
小时	581
重	582
重要	583
噢	584
炎	585
谈	586
别人	587
男	588
男人	589
机	590
机会	591
山	592
岁	593
出去	594
看见	595
畏	596
喂	597
好像	598
得到	599
茍	600
敬	601
警	602
察	603
警察	604
长	605
弓	606
张	607
儿子	608
之后	609
示	610
票	611
亮	612
漂	613
漂亮	614
分	615
钟	616
分钟	617
嗨	618
妾	619
接	620
𠃓	621
场	622
再见	623
冈	624
刚	625
如何	626
𡨄	627
赛	628
比赛	629
呀	630
况	631
情况	632
亦	633
变	634
糸	635
系	636
关系	637
真是	638
士	639
女士	640
本	641
怎么样	642
马上	643
决	644
决定	645
见到	646
根	647
根本	648
对不起	649
于	650
关于	651
难	652
那儿	653
只要	654
面	655
里面	656
份	657
母	658
每	659
氐	660
底	661
到底	662
角	663
解	664
了解	665
明天	666
站	667
吉	668
结	669
束	670
结束	671
𠃌	672
司	673
公	674
公司	675
成为	676
远	677
水	678
永	679
永远	680
助	681
帮助	682
来说	683
少	684
多少	685
它们	686
𢗀	687
总	688
石	689
确	690
确定	691
有人	692
清	693
林	694
疋	695
楚	696
清楚	697
晚上	698
安	699
安全	700
怎样	701
块	702
回家	703
卯	704
留	705
厂	706
原	707
愿	708
愿意	709
划	710
计划	711
俩	712
亭	713
停	714
不能	715
说话	716
化	717
艹	718
花	719
她们	720
有些	721
感谢	722
谈谈	723
以后	724
㠯	725
官	726
管	727
昭	728
照	729
片	730
照片	731
每个	732
迎	733
欢迎	734
兄	735
弟	736
兄弟	737
向	738
从来	739
总是	740
觜	741
嘴	742
兆	743
跳	744
W	745
拜	746
乇	747
托	748
拜托	749
女儿	750
爪	751
抓	752
姐	753
小姐	754
动	755
𦝠	756
赢	757
肖	758
消	759
息	760
消息	761
忙	762
或许	763
如此	764
队	765
法	766
无	767
无法	768
户	769
房	770
房子	771
𠬝	772
服	773
衣	774
衣服	775
听说	776
求	777
救	778
加	779
参	780
参加	781
办	782
办法	783
垂	784
睡	785
唯	786
唯一	787
回去	788
人们	789
该死	790
闭	791
选	792
择	793
选择	794
坏	795
原因	796
下去	797
连	798
好好	799
实	800
确实	801
廷	802
挺	803
昆	804
混	805
虫	806
蛋	807
混蛋	808
杯	809
呆	810
保	811
证	812
保证	813
学	814
交	815
校	816
学校	817
受	818
接受	819
改	820
改变	821
無	822
舛	823
舞	824
看来	825
烦	826
麻	827
麻烦	828
出现	829
打算	830
景	831
影	832
电影	833
弋	834
式	835
试	836
身上	837
房间	838
不管	839
特	840
特别	841
注	842
注意	843
查	844
球	845
忘	846
甚	847
甚至	848
护	849
保护	850
真正	851
结果	852
表	853
表现	854
拍	855
其实	856
小心	857
进来	858
各	859
路	860
四	861
当时	862
董	863
懂	864
只有	865
嘛	866
讲	867
⺈	868
色	869
绝	870
绝对	871
长官	872
员	873
进去	874
至少	875
C	876
帀	877
师	878
聿	879
律	880
律师	881
敕	882
整	883
整个	884
听到	885
寅	886
演	887
表演	888
正在	889
夭	890
笑	891
感到	892
边	893
那边	894
故事	895
𠘨	896
风	897
疒	898
疯	899
奂	900
换	901
氏	902
昏	903
婚	904
结婚	905
猜	906
咱	907
咱们	908
床	909
处	910
理	911
处理	912
妻	913
妻子	914
进行	915
入	916
内	917
否	918
是否	919
R	920
段	921
刚刚	922
案	923
案子	924
行动	925
第二	926
努	927
努力	928
怕	929
害	930
害怕	931
酉	932
酒	933
周	934
调	935
调查	936
夫	937
失	938
失去	939
哥	940
歌	941
功	942
成功	943
昌	944
唱	945
考	946
虑	947
考虑	948
刚才	949
约	950
约会	951
节	952
节目	953
甬	954
通	955
通过	956
之间	957
别的	958
开心	959
母亲	960
辆	961
主意	962
罙	963
探	964
丈	965
丈夫	966
变成	967
待	968
倒	969
释	970
解释	971
往	972
联	973
联系	974
𠂢	975
派	976
证明	977
令	978
命	979
生命	980
有点	981
靠	982
解决	983
难道	984
作为	985
圣	986
怪	987
奇	988
奇怪	989
及	990
极	991
极了	992
同	993
同意	994
戏	995
斿	996
游	997
游戏	998
帮忙	999
旨	1000
指	1001
佥	1002
险	1003
危	1004
危险	1005
讨	1006
犬	1007
厌	1008
讨厌	1009
𡆧	1010
曾	1011
曾经	1012
眼	1013
睛	1014
眼睛	1015
打电话	1016
外	1017
外面	1018
国家	1019
统	1020
总统	1021
伤	1022
伤害	1023
空	1024
控	1025
I	1026
制	1027
控制	1028
近	1029
最近	1030
𠃜	1031
声	1032
声音	1033
曲	1034
曹	1035
糟	1036
乐	1037
快乐	1038
俞	1039
偷	1040
可爱	1041
进入	1042
能够	1043
哈	1044
星	1045
醒	1046
完成	1047
咅	1048
部	1049
昨	1050
昨晚	1051
院	1052
医院	1053
不行	1054
而已	1055
上面	1056
久	1057
样子	1058
趣	1059
有趣	1060
提	1061
斯	1062
克	1063
杰	1064
杰克	1065
哇	1066
真的	1067
部分	1068
要求	1069
羔	1070
糕	1071
糟糕	1072
余	1073
除	1074
除了	1075
勿	1076
易	1077
谷	1078
容	1079
容易	1080
持	1081
保持	1082
虽	1083
虽然	1084
孝	1085
教	1086
想到	1087
理解	1088
居	1089
据	1090
证据	1091
书	1092
脸	1093
单	1094
简	1095
简单	1096
不同	1097
夫人	1098
父母	1099
恩	1100
事实	1101
飞	1102
飞机	1103
庭	1104
家庭	1105
壮	1106
装	1107
密	1108
秘	1109
秘密	1110
体	1111
尸体	1112
打开	1113
季	1114
检	1115
检查	1116
早上	1117
玩笑	1118
务	1119
任务	1120
现场	1121
吏	1122
使	1123
专	1124
转	1125
尃	1126
博	1127
博士	1128
直到	1129
G	1130
紧	1131
紧张	1132
简直	1133
弁	1134
弃	1135
放弃	1136
小子	1137
礻	1138
视	1139
电视	1140
强	1141
概	1142
大概	1143
的确	1144
药	1145
回到	1146
男孩	1147
音乐	1148
身体	1149
没什么	1150
留下	1151
方式	1152
美元	1153
狱	1154
监	1155
监狱	1156
卖	1157
读	1158
这边	1159
万	1160
重新	1161
焦	1162
瞧	1163
狂	1164
疯狂	1165
收	1166
收到	1167
其中	1168
想法	1169
丑	1170
纽	1171
纽约	1172
家里	1173
还要	1174
他妈的	1175
后面	1176
性	1177
带来	1178
昨天	1179
不好	1180
抓住	1181
氺	1182
录	1183
记录	1184
点儿	1185
老兄	1186
来自	1187
戉	1188
越	1189
大学	1190
厄	1191
顾	1192
照顾	1193
太太	1194
聪	1195
聪明	1196
本来	1197
由	1198
油	1199
加油	1200
甘	1201
甜	1202
多久	1203
并且	1204
直接	1205
对于	1206
舍	1207
啥	1208
突	1209
突然	1210
开枪	1211
敢	1212
除非	1213
集	1214
店	1215
酷	1216
正常	1217
死亡	1218
⺀	1219
冬	1220
终	1221
终于	1222
拥	1223
拥有	1224
舟	1225
㕣	1226
船	1227
付	1228
派对	1229
冊	1230
扁	1231
遍	1232
五	1233
𣥂	1234
步	1235
不再	1236
咖	1237
啡	1238
咖啡	1239
𡕩	1240
傻	1241
阻	1242
阻止	1243
想象	1244
冷	1245
𠂊	1246
争	1247
静	1248
冷静	1249
方法	1250
乃	1251
扔	1252
㔾	1253
犯	1254
能力	1255
祝	1256
完美	1257
标	1258
目标	1259
有关	1260
申	1261
神	1262
精	1263
精神	1264
另外	1265
松	1266
放松	1267
丢	1268
休	1269
休息	1270
每天	1271
答	1272
回答	1273
凶	1274
凶手	1275
负	1276
责	1277
负责	1278
並	1279
碰	1280
介意	1281
梦	1282
试试	1283
那天	1284
睡觉	1285
系统	1286
衮	1287
滚	1288
某	1289
谋	1290
谋杀	1291
物	1292
乚	1293
礼	1294
礼物	1295
那种	1296
𢦏	1297
異	1298
戴	1299
各位	1300
吴	1301
误	1302
错误	1303
便	1304
随	1305
随便	1306
头发	1307
臧	1308
藏	1309
关心	1310
干吗	1311
兴趣	1312
报	1313
报告	1314
从没	1315
替	1316
历	1317
经历	1318
老师	1319
不用	1320
小孩	1321
类	1322
人类	1323
冲	1324
自由	1325
支	1326
支持	1327
期	1328
星期	1329
很快	1330
脚	1331
气	1332
生气	1333
廴	1334
建	1335
议	1336
建议	1337
做到	1338
镸	1339
套	1340
吅	1341
哭	1342
屁	1343
股	1344
屁股	1345
生日	1346
则	1347
否则	1348
晚安	1349
丙	1350
病	1351
线	1352
A	1353
光	1354
排	1355
安排	1356
轻	1357
年轻	1358
喿	1359
操	1360
下面	1361
良	1362
娘	1363
姑	1364
姑娘	1365
按	1366
匙	1367
钥	1368
钥匙	1369
法官	1370
退	1371
腿	1372
选手	1373
信息	1374
投	1375
投票	1376
哥哥	1377
必要	1378
术	1379
手术	1380
身边	1381
散	1382
撒	1383
荒	1384
谎	1385
撒谎	1386
㗊	1387
器	1388
武	1389
武器	1390
痛	1391
苦	1392
痛苦	1393
全部	1394
手机	1395
忘记	1396
存	1397
存在	1398
首先	1399
组	1400
以及	1401
台	1402
般	1403
搬	1404
个人	1405
半	1406
代	1407
代表	1408
坚	1409
坚持	1410
义	1411
意义	1412
娄	1413
楼	1414
承	1415
承认	1416
理由	1417
折	1418
誓	1419
发誓	1420
业	1421
显	1422
显然	1423
局	1424
府	1425
政	1426
政府	1427
这次	1428
生意	1429
禺	1430
遇	1431
遇到	1432
苗	1433
猫	1434
即	1435
即使	1436
记住	1437
到处	1438
运	1439
幸	1440
幸运	1441
卡	1442
洗	1443
那时	1444
事儿	1445
罒	1446
罪	1447
犯罪	1448
圭	1449
挂	1450
跳舞	1451
痴	1452
白痴	1453
信任	1454
闻	1455
新闻	1456
未	1457
未来	1458
道歉	1459
怎么办	1460
怜	1461
可怜	1462
实在	1463
骗	1464
加入	1465
病人	1466
吓	1467
谅	1468
原谅	1469
治	1470
疗	1471
治疗	1472
行为	1473
较	1474
比较	1475
双	1476
婚礼	1477
弟弟	1478
织	1479
组织	1480
想想	1481
见面	1482
经常	1483
𠂆	1484
反	1485
板	1486
老板	1487
城	1488
市	1489
城市	1490
合作	1491
来到	1492
乱	1493
词	1494
召	1495
超	1496
波	1497
婆	1498
老婆	1499
可怕	1500
中心	1501
毛	1502
笔	1503
?	1504
满	1505
叚	1506
假	1507
明显	1508
究	1509
研	1510
研究	1511
意识	1512
附	1513
附近	1514
扰	1515
打扰	1516
好运	1517
索	1518
线索	1519
面前	1520
消失	1521
妹	1522
妹妹	1523
正确	1524
置	1525
位置	1526
答应	1527
匝	1528
砸	1529
街	1530
脑	1531
电脑	1532
区	1533
童	1534
撞	1535
借	1536
秒	1537
似	1538
乎	1539
似乎	1540
放下	1541
量	1542
力量	1543
命令	1544
同时	1545
共	1546
供	1547
提供	1548
戌	1549
威	1550
胁	1551
威胁	1552
输	1553
码	1554
号码	1555
日子	1556
座	1557
比如	1558
哪个	1559
北	1560
乘	1561
剩	1562
剩下	1563
严	1564
严重	1565
享	1566
享受	1567
战	1568
战争	1569
杀死	1570
恭	1571
恭喜	1572
响	1573
影响	1574
利	1575
利用	1576
恨	1577
杀人	1578
脱	1579
陪	1580
宗	1581
踪	1582
失踪	1583
认真	1584
真相	1585
喔	1586
法律	1587
练	1588
川	1589
训	1590
训练	1591
值	1592
值得	1593
丸	1594
执	1595
热	1596
使用	1597
左	1598
差	1599
方面	1600
银	1601
银行	1602
巩	1603
恐	1604
怖	1605
恐怖	1606
尺	1607
尽	1608
原来	1609
警官	1610
性感	1611
自杀	1612
血	1613
酒吧	1614
仑	1615
论	1616
讨论	1617
同样	1618
身份	1619
说明	1620
安静	1621
鸟	1622
岛	1623
昊	1624
莫	1625
模	1626
模特	1627
多么	1628
足够	1629
饣	1630
饿	1631
学生	1632
室	1633
办公室	1634
红	1635
鸡	1636
养	1637
下午	1638
一旦	1639
仍	1640
仍然	1641
动作	1642
𠂤	1643
追	1644
受到	1645
尹	1646
君	1647
群	1648
之一	1649
第三	1650
赶	1651
面对	1652
怀	1653
龴	1654
疑	1655
怀疑	1656
曼	1657
慢	1658
居然	1659
就要	1660
家人	1661
巨	1662
拒	1663
拒绝	1664
雷	1665
演员	1666
尧	1667
烧	1668
真实	1669
交易	1670
破	1671
停止	1672
人生	1673
亚	1674
恶	1675
恶心	1676
因此	1677
受伤	1678
婊	1679
婊子	1680
禹	1681
属	1682
属于	1683
蹈	1684
舞蹈	1685
根据	1686
几乎	1687
算是	1688
答案	1689
出色	1690
目前	1691
活动	1692
Q	1693
锁	1694
梦想	1695
最终	1696
再次	1697
大人	1698
旡	1699
既	1700
既然	1701
看上去	1702
人员	1703
央	1704
英	1705
厷	1706
雄	1707
英雄	1708
坐下	1709
感受	1710
事件	1711
畐	1712
副	1713
吻	1714
逃	1715
通知	1716
不得不	1717
无论	1718
放开	1719
后来	1720
适	1721
适合	1722
允	1723
允许	1724
失望	1725
事实上	1726
意见	1727
犾	1728
获	1729
获得	1730
要是	1731
数	1732
寓	1733
公寓	1734
文件	1735
只能	1736
寻	1737
寻找	1738
击	1739
攻	1740
攻击	1741
兰	1742
烂	1743
不然	1744
敫	1745
邀	1746
邀请	1747
尽管	1748
姐姐	1749
弗	1750
费	1751
浪	1752
浪费	1753
多谢	1754
没关系	1755
动物	1756
一半	1757
朵	1758
躲	1759
某个	1760
为何	1761
要么	1762
逼	1763
轮	1764
图	1765
试图	1766
反应	1767
一边	1768
听见	1769
舒	1770
舒服	1771
败	1772
失败	1773
有时	1774
一般	1775
绍	1776
介绍	1777
意外	1778
责任	1779
食	1780
食物	1781
遗	1782
憾	1783
遗憾	1784
反正	1785
杀手	1786
设	1787
设计	1788
封	1789
赢得	1790
正是	1791
证人	1792
丽	1793
美丽	1794
压	1795
压力	1796
味	1797
味道	1798
淘	1799
汰	1800
淘汰	1801
厉	1802
厉害	1803
春	1804
䖵	1805
蠢	1806
卒	1807
醉	1808
㥁	1809
德	1810
私	1811
私人	1812
出发	1813
韦	1814
伟	1815
伟大	1816
奋	1817
兴奋	1818
众	1819
观	1820
观众	1821
臭	1822
达	1823
自从	1824
弹	1825
子弹	1826
垃	1827
圾	1828
垃圾	1829
叔	1830
叔叔	1831
疼	1832
毋	1833
毒	1834
品	1835
毒品	1836
签	1837
不必	1838
反对	1839
颗	1840
停下	1841
采	1842
彩	1843
精彩	1844
测	1845
测试	1846
感情	1847
龙	1848
袭	1849
袭击	1850
演出	1851
一生	1852
𠦝	1853
朝	1854
吸	1855
呼	1856
呼吸	1857
明星	1858
级	1859
超级	1860
鬼	1861
灵	1862
魂	1863
灵魂	1864
破坏	1865
愉	1866
愉快	1867
炸	1868
暴	1869
爆	1870
爆炸	1871
迟	1872
迟到	1873
带走	1874
𣦼	1875
餐	1876
晚餐	1877
角色	1878
脑子	1879
路上	1880
见鬼	1881
九	1882
杂	1883
志	1884
杂志	1885
秀	1886
服务	1887
合适	1888
习	1889
学习	1890
屯	1891
顿	1892
括	1893
包括	1894
累	1895
汽	1896
汽车	1897
刻	1898
时刻	1899
广告	1900
哥们	1901
英国	1902
笨	1903
笨蛋	1904
相当	1905
平	1906
公平	1907
玩意	1908
革	1909
鞋	1910
盯	1911
自然	1912
堆	1913
乂	1914
史	1915
历史	1916
深	1917
法庭	1918
通常	1919
拯	1920
拯救	1921
差点	1922
啤	1923
啤酒	1924
咬	1925
豆	1926
短	1927
地球	1928
透	1929
耶	1930
愚	1931
愚蠢	1932
炸弹	1933
帅	1934
踢	1935
联邦	1936
评	1937
委	1938
评委	1939
经过	1940
造	1941
造成	1942
客	1943
客气	1944
末	1945
周末	1946
信号	1947
推	1948
跟踪	1949
喝酒	1950
键	1951
关键	1952
𠫓	1953
充	1954
充满	1955
下次	1956
其它	1957
再说	1958
竟	1959
究竟	1960
美好	1961
玨	1962
班	1963
架	1964
恐怕	1965
抢	1966
课	1967
现实	1968
贯	1969
惯	1970
习惯	1971
做出	1972
上班	1973
躺	1974
越来越	1975
名单	1976
不幸	1977
复	1978
恢	1979
恢复	1980
确认	1981
园	1982
公园	1983
乑	1984
聚	1985
聚会	1986
孕	1987
怀孕	1988
际	1989
实际上	1990
绑	1991
绑架	1992
洛	1993
落	1994
部落	1995
斗	1996
料	1997
资	1998
资料	1999
净	2000
干净	2001
姻	2002
婚姻	2003
堂	2004
教堂	2005
㸚	2006
爽	2007
客户	2008
B	2009
卷	2010
圈	2011
健	2012
康	2013
健康	2014
袋	2015
脑袋	2016
不够	2017
分手	2018
前面	2019
方向	2020
心理	2021
福	2022
幸福	2023
树	2024
接着	2025
救命	2026
项	2027
疯子	2028
军	2029
将军	2030
技	2031
技术	2032
饭	2033
吃饭	2034
传	2035
困	2036
困难	2037
不许	2038
某种	2039
乙	2040
忆	2041
记忆	2042
乐队	2043
刍	2044
急	2045
紧急	2046
高中	2047
听听	2048
正好	2049
毫	2050
毫无	2051
提醒	2052
P	2053
㫃	2054
旅	2055
旅行	2056
惊	2057
惊喜	2058
拿走	2059
接近	2060
隶	2061
逮	2062
甫	2063
捕	2064
逮捕	2065
吵	2066
旁	2067
旁边	2068
激	2069
激动	2070
敖	2071
傲	2072
骄	2073
骄傲	2074
而是	2075
卑	2076
牌	2077
成员	2078
监视	2079
女性	2080
权	2081
权利	2082
说谎	2083
诞	2084
圣诞	2085
黑人	2086
警方	2087
法国	2088
错过	2089
警告	2090
老天	2091
右	2092
若	2093
惹	2094
酒店	2095
抽	2096
之类	2097
㝴	2098
冠	2099
冠军	2100
龸	2101
尝	2102
尝试	2103
教练	2104
对方	2105
随时	2106
敌	2107
敌人	2108
荅	2109
搭	2110
档	2111
搭档	2112
从未	2113
帐	2114
背	2115
谈话	2116
翰	2117
约翰	2118
人物	2119
许多	2120
叫做	2121
头儿	2122
猪	2123
感激	2124
中国	2125
瓦	2126
瓶	2127
蛋糕	2128
顺	2129
顺利	2130
死者	2131
瓜	2132
傻瓜	2133
嫁	2134
英里	2135
挑	2136
挑战	2137
死去	2138
上去	2139
职	2140
职业	2141
菜	2142
址	2143
地址	2144
赚	2145
不少	2146
地狱	2147
于是	2148
自我	2149
对付	2150
好事	2151
祈	2152
祷	2153
祈祷	2154
编	2155
拾	2156
收拾	2157
客人	2158
状	2159
态	2160
状态	2161
围	2162
周围	2163
报道	2164
参与	2165
运动	2166
彼	2167
彼此	2168
𫇦	2169
荣	2170
荣幸	2171
臼	2172
毁	2173
会议	2174
到达	2175
爬	2176
赌	2177
显示	2178
伍	2179
队伍	2180
立刻	2181
绝不	2182
吐	2183
舞台	2184
奶	2185
奶奶	2186
配	2187
取消	2188
等待	2189
离婚	2190
尽力	2191
爱情	2192
十分	2193
酋	2194
尊	2195
尊重	2196
授	2197
教授	2198
画	2199
去年	2200
吾	2201
语	2202
超过	2203
开车	2204
寄	2205
聊	2206
纹	2207
指纹	2208
庆	2209
庆祝	2210
住手	2211
偶	2212
偶像	2213
同志	2214
库	2215
裤	2216
裤子	2217
假装	2218
军队	2219
想起	2220
侦	2221
侦探	2222
㐌	2223
拖	2224
顺便	2225
吹	2226
或是	2227
攸	2228
修	2229
在乎	2230
无聊	2231
状况	2232
任何人	2233
目的	2234
魔	2235
恶魔	2236
确保	2237
庄	2238
脏	2239
心脏	2240
似的	2241
舞会	2242
耍	2243
罗	2244
族	2245
家族	2246
慢慢	2247
低	2248
战斗	2249
复杂	2250
社	2251
社会	2252
邻	2253
邻居	2254
故意	2255
今年	2256
心里	2257
展	2258
展示	2259
起诉	2260
好人	2261
国王	2262
长大	2263
交给	2264
耑	2265
瑞	2266
尿	2267
屎	2268
项目	2269
集中	2270
实话	2271
表情	2272
冃	2273
冒	2274
冒险	2275
好处	2276
格	2277
海	2278
胜	2279
胜利	2280
竟然	2281
普	2282
普通	2283
表示	2284
D	2285
印	2286
印象	2287
出生	2288
进展	2289
估	2290
估计	2291
干什么	2292
地点	2293
经理	2294
乐意	2295
轻松	2296
作用	2297
举	2298
期待	2299
天使	2300
保险	2301
独	2302
单独	2303
队长	2304
著	2305
著名	2306
日本	2307
专家	2308
为止	2309
馆	2310
旅馆	2311
邪	2312
邪恶	2313
赶快	2314
不知	2315
更加	2316
层	2317
穵	2318
挖	2319
好几	2320
免费	2321
风格	2322
每次	2323
追踪	2324
伤心	2325
纸	2326
报纸	2327
机器	2328
塞	2329
颜	2330
颜色	2331
雇	2332
解雇	2333
无关	2334
时光	2335
记者	2336
尽快	2337
价	2338
价值	2339
仔	2340
细	2341
仔细	2342
女生	2343
辛	2344
辣	2345
招	2346
互	2347
互相	2348
啬	2349
墙	2350
㐬	2351
流	2352
厕	2353
厕所	2354
辜	2355
无辜	2356
彻	2357
彻底	2358
釆	2359
番	2360
羽	2361
翻	2362
罢	2363
摆	2364
呈	2365
程	2366
过程	2367
上次	2368
一会儿	2369
申请	2370
手上	2371
烤	2372
请求	2373
差不多	2374
民	2375
人民	2376
某些	2377
惧	2378
恐惧	2379
命运	2380
谈论	2381
小组	2382
丨	2383
引	2384
引起	2385
发展	2386
恋	2387
同性恋	2388
分子	2389
白人	2390
讶	2391
惊讶	2392
灯	2393
桌	2394
桌子	2395
毕	2396
毕业	2397
练习	2398
暗	2399
黑暗	2400
事业	2401
机场	2402
稍	2403
仅	2404
爷	2405
爷爷	2406
会儿	2407
厨	2408
厨房	2409
正式	2410
殊	2411
特殊	2412
扯	2413
老实	2414
专业	2415
晚饭	2416
年代	2417
丘	2418
兵	2419
士兵	2420
吸引	2421
蓝	2422
以来	2423
难过	2424
心情	2425
刑	2426
型	2427
內	2428
呐	2429
制造	2430
屋	2431
屋子	2432
不好意思	2433
全都	2434
打赌	2435
中间	2436
唱歌	2437
伦	2438
敦	2439
伦敦	2440
镇	2441
特工	2442
停车	2443
戒	2444
戒指	2445
回头	2446
冰	2447
洞	2448
贺	2449
祝贺	2450
案件	2451
条件	2452
作品	2453
手里	2454
爱上	2455
档案	2456
千万	2457
去世	2458
靠近	2459
一刻	2460
饼	2461
规	2462
规则	2463
接到	2464
付出	2465
队员	2466
帽	2467
帽子	2468
协	2469
协议	2470
上周	2471
说服	2472
司机	2473
叟	2474
搜	2475
搜查	2476
产	2477
产生	2478
时代	2479
触	2480
接触	2481
卡车	2482
劫	2483
抢劫	2484
碰到	2485
神父	2486
矩	2487
规矩	2488
肉	2489
之中	2490
火车	2491
逃跑	2492
唐	2493
糖	2494
旧	2495
部门	2496
基	2497
基本	2498
析	2499
分析	2500
代价	2501
叛	2502
背叛	2503
地区	2504
趟	2505
天堂	2506
摄	2507
拍摄	2508
脸上	2509
致	2510
导	2511
导致	2512
主人	2513
对待	2514
有意思	2515
释放	2516
大街	2517
箱	2518
箱子	2519
由于	2520
稣	2521
耶稣	2522
宣	2523
宣布	2524
执行	2525
报警	2526
不对	2527
红色	2528
密码	2529
骗子	2530
货	2531
空间	2532
磨	2533
折磨	2534
什么样	2535
留言	2536
熊	2537
念	2538
想念	2539
而言	2540
倍	2541
擦	2542
尤其	2543
验	2544
经验	2545
皿	2546
盒	2547
盒子	2548
干杯	2549
艘	2550
看法	2551
大脑	2552
罪犯	2553
不到	2554
问问	2555
意味着	2556
干掉	2557
指控	2558
星球	2559
录像	2560
序	2561
程序	2562
朿	2563
刺	2564
炒	2565
情报	2566
绪	2567
情绪	2568
怪物	2569
创	2570
创造	2571
杀害	2572
内心	2573
暴力	2574
走开	2575
事故	2576
满意	2577
艺	2578
艺术	2579
廿	2580
度	2581
速	2582
速度	2583
神经	2584
昜	2585
汤	2586
姆	2587
汤姆	2588
牲	2589
牺	2590
牺牲	2591
勇	2592
勇敢	2593
奴	2594
怒	2595
愤	2596
愤怒	2597
数字	2598
咪	2599
氾	2600
范	2601
范围	2602
骑	2603
尽量	2604
地上	2605
称	2606
午餐	2607
阳	2608
太阳	2609
提出	2610
午饭	2611
暂	2612
暂时	2613
优	2614
优秀	2615
亲自	2616
歌曲	2617
婴	2618
婴儿	2619
笑话	2620
惜	2621
可惜	2622
鱼	2623
石头	2624
英尺	2625
省	2626
顶	2627
细节	2628
迷	2629
塔	2630
科	2631
科学	2632
有的	2633
道理	2634
船长	2635
歌手	2636
上校	2637
运气	2638
主要	2639
喊	2640
烟	2641
厅	2642
餐厅	2643
同事	2644
美女	2645
距	2646
距离	2647
讲话	2648
制作	2649
有所	2650
率	2651
摔	2652
街上	2653
莱	2654
团	2655
团队	2656
早就	2657
畀	2658
鼻	2659
鼻子	2660
相处	2661
罢了	2662
归	2663
度过	2664
拳	2665
关注	2666
德国	2667
囪	2668
窗	2669
窗户	2670
迹	2671
奇迹	2672
护士	2673
空气	2674
分享	2675
被捕	2676
金	2677
仰	2678
信仰	2679
悔	2680
后悔	2681
保安	2682
媒	2683
媒体	2684
变态	2685
赶紧	2686
匹	2687
谓	2688
所谓	2689
建立	2690
变化	2691
表达	2692
大约	2693
仅仅	2694
姐妹	2695
神秘	2696
实现	2697
政治	2698
瞧瞧	2699
维	2700
症	2701
第四	2702
魔鬼	2703
孤	2704
孤独	2705
查理	2706
蒂	2707
巨大	2708
内容	2709
宝宝	2710
罚	2711
惩	2712
惩罚	2713
加上	2714
开门	2715
蓝色	2716
州	2717
退出	2718
对手	2719
前进	2720
鬼魂	2721
女朋友	2722
乔	2723
乔治	2724
神奇	2725
牧	2726
牧师	2727
年级	2728
提到	2729
癶	2730
登	2731
环	2732
境	2733
环境	2734
杂种	2735
刺激	2736
我会	2737
规定	2738
凭	2739
好多	2740
磅	2741
警长	2742
佳	2743
最佳	2744
废	2745
废话	2746
效	2747
效果	2748
伤口	2749
魔法	2750
独自	2751
现金	2752
夺	2753
掌	2754
握	2755
掌握	2756
麦	2757
麦克	2758
儿童	2759
强大	2760
分开	2761
租	2762
杉	2763
矶	2764
洛杉矶	2765
诺	2766
承诺	2767
好看	2768
脖	2769
脖子	2770
谍	2771
间谍	2772
篇	2773
玩具	2774
车上	2775
满足	2776
打败	2777
传统	2778
确信	2779
不见	2780
漫	2781
浪漫	2782
亨	2783
哼	2784
黎	2785
巴黎	2786
重复	2787
赏	2788
欣	2789
欣赏	2790
和平	2791
天气	2792
丝	2793
一一	2794
守	2795
尴	2796
尬	2797
尴尬	2798
态度	2799
你好	2800
难以	2801
拼	2802
支票	2803
早餐	2804
好玩	2805
自信	2806
上学	2807
理论	2808
放在	2809
生物	2810
男朋友	2811
角度	2812
纪	2813
年纪	2814
观察	2815
鼠	2816
老鼠	2817
埋	2818
男友	2819
吃惊	2820
盖	2821
关掉	2822
移	2823
移动	2824
大楼	2825
妓	2826
妓女	2827
冏	2828
商	2829
商店	2830
能量	2831
断	2832
不断	2833
有时候	2834
孰	2835
熟	2836
悉	2837
熟悉	2838
美金	2839
有效	2840
公主	2841
闹	2842
冎	2843
骨	2844
滑	2845
不在乎	2846
清醒	2847
夜	2848
夜晚	2849
氿	2850
染	2851
感染	2852
猜猜	2853
指望	2854
露	2855
摸	2856
抛	2857
抛弃	2858
单身	2859
思考	2860
只不过	2861
女王	2862
好吃	2863
胖	2864
趴	2865
趴下	2866
勒	2867
奏	2868
揍	2869
地图	2870
妙	2871
美妙	2872
按照	2873
失陪	2874
亶	2875
擅	2876
擅长	2877
关闭	2878
开玩笑	2879
药物	2880
幺	2881
幻	2882
幻想	2883
狼	2884
刃	2885
忍	2886
忍受	2887
不仅仅	2888
面包	2889
女友	2890
伴	2891
伙伴	2892
世纪	2893
臿	2894
插	2895
大麻	2896
比尔	2897
达到	2898
邮	2899
邮件	2900
回忆	2901
动手	2902
总之	2903
英语	2904
能否	2905
干活	2906
可不	2907
椅	2908
椅子	2909
陛	2910
陛下	2911
相同	2912
鞋子	2913
清理	2914
液	2915
血液	2916
完毕	2917
卫	2918
大卫	2919
重点	2920
在场	2921
佑	2922
保佑	2923
最高	2924
尉	2925
上尉	2926
不可	2927
谎言	2928
遇见	2929
育	2930
教育	2931
世上	2932
耳朵	2933
葬	2934
葬礼	2935
某人	2936
城里	2937
构	2938
机构	2939
碎	2940
即将	2941
裙	2942
裙子	2943
盘	2944
程度	2945
钻	2946
钻石	2947
在于	2948
艰	2949
艰难	2950
俱	2951
俱乐部	2952
教训	2953
坦	2954
坦白	2955
议员	2956
全国	2957
善	2958
慈	2959
慈善	2960
订	2961
餐馆	2962
罗马	2963
肤	2964
皮肤	2965
区别	2966
部队	2967
背后	2968
装置	2969
权力	2970
棒球	2971
鲜	2972
新鲜	2973
聊聊	2974
放心	2975
左右	2976
受害者	2977
学会	2978
痕	2979
痕迹	2980
稳	2981
稳定	2982
尊敬	2983
河	2984
域	2985
区域	2986
数据	2987
坚强	2988
玻	2989
璃	2990
玻璃	2991
勇气	2992
镜	2993
镜头	2994
员工	2995
盟	2996
联盟	2997
扇	2998
好奇	2999
阳光	3000
判	3001
审	3002
审判	3003
砍	3004
假设	3005
基地	3006
聊天	3007
妒	3008
嫉	3009
嫉妒	3010
之外	3011
土地	3012
借口	3013
保姆	3014
䍃	3015
摇	3016
摇滚	3017
放手	3018
夗	3019
怨	3020
抱怨	3021
承受	3022
签名	3023
时尚	3024
的话	3025
章	3026
文章	3027
赋	3028
天赋	3029
整天	3030
打架	3031
病毒	3032
滩	3033
海滩	3034
设备	3035
打击	3036
泡	3037
述	3038
描	3039
描述	3040
神像	3041
类似	3042
医疗	3043
硬	3044
隐	3045
隐藏	3046
激情	3047
语言	3048
标准	3049
注射	3050
车子	3051
当作	3052
阁	3053
阁下	3054
娶	3055
处于	3056
提要	3057
过分	3058
投资	3059
对象	3060
一致	3061
见见	3062
贴	3063
转移	3064
管理	3065
助手	3066
魅	3067
魅力	3068
摆脱	3069
保密	3070
实验	3071
误会	3072
哟	3073
恋爱	3074
启	3075
启动	3076
话题	3077
市场	3078
栋	3079
桥	3080
加州	3081
迷人	3082
筑	3083
建筑	3084
举行	3085
王子	3086
损	3087
损失	3088
退后	3089
肚	3090
肚子	3091
豪	3092
自豪	3093
伊	3094
不仅	3095
𦣻	3096
夏	3097
夏天	3098
开除	3099
饼干	3100
可笑	3101
热情	3102
开口	3103
好笑	3104
说法	3105
作证	3106
国际	3107
仪	3108
仪式	3109
投入	3110
成熟	3111
混乱	3112
当成	3113
信心	3114
惨	3115
络	3116
联络	3117
爵	3118
爵士	3119
表明	3120
嵒	3121
癌	3122
癌症	3123
抬	3124
飞行	3125
老公	3126
剑	3127
幅	3128
天才	3129
骨头	3130
工具	3131
送给	3132
踩	3133
醒来	3134
市长	3135
男生	3136
考试	3137
之内	3138
发射	3139
生存	3140
犯人	3141
海军	3142
名人	3143
假如	3144
第五	3145
结局	3146
合同	3147
竞	3148
竞争	3149
非法	3150
剪	3151
争取	3152
匈	3153
胸	3154
人人	3155
乔伊	3156
呙	3157
祸	3158
车祸	3159
当地	3160
晨	3161
早晨	3162
人家	3163
滚开	3164
𢼸	3165
微	3166
微笑	3167
梯	3168
电梯	3169
左边	3170
出口	3171
辈	3172
辈子	3173
动机	3174
蛇	3175
礼拜	3176
乖	3177
黑色	3178
欺	3179
欺骗	3180
名叫	3181
监控	3182
拍照	3183
发出	3184
船上	3185
并非	3186
做爱	3187
同学	3188
穿过	3189
彼得	3190
洲	3191
非洲	3192
警报	3193
出局	3194
内部	3195
质	3196
人质	3197
一会	3198
扮	3199
扮演	3200
势	3201
姿	3202
姿势	3203
瞎	3204
宇	3205
宙	3206
宇宙	3207
面试	3208
卧	3209
卧室	3210
远离	3211
最新	3212
请问	3213
剧	3214
剧本	3215
手指	3216
艾	3217
哎	3218
证实	3219
一路	3220
资格	3221
姓	3222
作家	3223
钱包	3224
辞	3225
辞职	3226
被告	3227
贱	3228
贱人	3229
诚	3230
诚实	3231
合法	3232
粉	3233
粉丝	3234
救救	3235
搜索	3236
好久	3237
工厂	3238
留给	3239
走运	3240
吸毒	3241
独立	3242
到来	3243
查查	3244
决赛	3245
扣	3246
手段	3247
顾客	3248
农	3249
农场	3250
网	3251
网络	3252
口袋	3253
方便	3254
时机	3255
毛病	3256
百	3257
香	3258
打扮	3259
印度	3260
交流	3261
辡	3262
辩	3263
辩护	3264
晕	3265
起码	3266
嫌	3267
嫌犯	3268
公开	3269
玛	3270
玛丽	3271
李	3272
行李	3273
瞒	3274
隐瞒	3275
宁	3276
宁愿	3277
观点	3278
地板	3279
唔	3280
悲	3281
悲伤	3282
网上	3283
尖	3284
尖叫	3285
小丑	3286
龄	3287
年龄	3288
交换	3289
小说	3290
雪	3291
符	3292
符合	3293
万一	3294
拥抱	3295
社区	3296
助理	3297
发明	3298
通话	3299
交通	3300
𠀐	3301
贵	3302
演唱	3303
重大	3304
思想	3305
组合	3306
唱片	3307
骑士	3308
哈哈	3309
载	3310
楼上	3311
针	3312
针对	3313
肥	3314
一分	3315
版	3316
具体	3317
共同	3318
领	3319
领导	3320
澡	3321
洗澡	3322
稍微	3323
填	3324
公路	3325
饮	3326
饮料	3327
闪	3328
铁	3329
主题	3330
盗	3331
海盗	3332
当中	3333
增	3334
增加	3335
齿	3336
牙齿	3337
攴	3338
敲	3339
头脑	3340
主任	3341
绕	3342
渴	3343
渴望	3344
校长	3345
驾	3346
驶	3347
驾驶	3348
溜	3349
全力	3350
太空	3351
生病	3352
实验室	3353
适应	3354
坏人	3355
物品	3356
列	3357
应付	3358
湿	3359
撑	3360
咒	3361
诅	3362
诅咒	3363
灭	3364
毁灭	3365
眼神	3366
财	3367
财产	3368
古怪	3369
进攻	3370
齐	3371
剂	3372
然而	3373
水平	3374
辛苦	3375
打断	3376
发型	3377
报复	3378
吵架	3379
服装	3380
作业	3381
高级	3382
将来	3383
耐	3384
耐心	3385
挡	3386
沙	3387
沙发	3388
风险	3389
欧	3390
欧洲	3391
奸	3392
强奸	3393
拨	3394
后果	3395
谬	3396
荒谬	3397
个性	3398
最好	3399
男性	3400
交往	3401
收集	3402
取得	3403
中尉	3404
卡尔	3405
致命	3406
卫星	3407
嘘	3408
嘲	3409
嘲笑	3410
意大利	3411
立即	3412
期望	3413
辟	3414
避	3415
避免	3416
保留	3417
批	3418
在家	3419
眼前	3420
各种	3421
挤	3422
禁	3423
禁止	3424
冒犯	3425
捡	3426
持续	3427
纳	3428
台上	3429
没法	3430
泳	3431
游泳	3432
陪审团	3433
电子	3434
济	3435
经济	3436
T	3437
侯	3438
猴	3439
猴子	3440
没事	3441
娃	3442
娃娃	3443
达成	3444
学院	3445
妇	3446
夫妇	3447
座位	3448
牛奶	3449
逃走	3450
获胜	3451
一面	3452
采取	3453
吸血鬼	3454
新娘	3455
类型	3456
勾	3457
购	3458
购物	3459
但愿	3460
金属	3461
绿	3462
绿色	3463
竞选	3464
抽烟	3465
检测	3466
合理	3467
期间	3468
完蛋	3469
亢	3470
航	3471
航班	3472
心中	3473
白色	3474
嘴里	3475
退休	3476
精力	3477
产品	3478
小镇	3479
豸	3480
皃	3481
貌	3482
礼貌	3483
亲密	3484
地下	3485
胡	3486
胡说	3487
割	3488
强壮	3489
挥	3490
指挥	3491
认出	3492
制服	3493
劲	3494
对劲	3495
坏事	3496
查出	3497
法院	3498
自动	3499
播	3500
直播	3501
拜拜	3502
提前	3503
招呼	3504
宗教	3505
牢	3506
坐牢	3507
蠢货	3508
崩	3509
溃	3510
崩溃	3511
森	3512
依	3513
依然	3514
平静	3515
右边	3516
不久	3517
小伙子	3518
内裤	3519
冲浪	3520
臽	3521
陷	3522
陷入	3523
大事	3524
外套	3525
吓坏	3526
蹲	3527
威尔	3528
回报	3529
发表	3530
初	3531
演讲	3532
墨	3533
墨西哥	3534
俄	3535
俄国	3536
啇	3537
滴	3538
宜	3539
便宜	3540
底下	3541
何时	3542
关门	3543
判断	3544
成长	3545
丹	3546
丹尼	3547
试验	3548
做梦	3549
每年	3550
酪	3551
奶酪	3552
贲	3553
喷	3554
管用	3555
深刻	3556
坞	3557
好莱坞	3558
M	3559
L	3560
N	3561
临	3562
光临	3563
流血	3564
衫	3565
衬	3566
衬衫	3567
金发	3568
摧	3569
摧毁	3570
巧	3571
巧克力	3572
膊	3573
胳	3574
胳膊	3575
他人	3576
异	3577
异常	3578
疾	3579
疾病	3580
展现	3581
职责	3582
公众	3583
战士	3584
楼下	3585
大量	3586
诗	3587
整理	3588
门口	3589
证词	3590
迫	3591
强迫	3592
森林	3593
注定	3594
暗示	3595
前往	3596
豁	3597
豁免	3598
臂	3599
手臂	3600
有空	3601
楼梯	3602
同情	3603
矣	3604
唉	3605
呼叫	3606
百万	3607
圣诞节	3608
背景	3609
下班	3610
绝望	3611
法语	3612
西德	3613
乊	3614
夹	3615
侠	3616
全新	3617
予	3618
野	3619
防	3620
湖	3621
丧	3622
沮	3623
沮丧	3624
说说	3625
仿	3626
模仿	3627
灾	3628
灾难	3629
访	3630
采访	3631
正义	3632
你家	3633
所在	3634
评价	3635
网站	3636
凶器	3637
局长	3638
烈	3639
强烈	3640
绩	3641
成绩	3642
意味	3643
厽	3644
垒	3645
喜剧	3646
殿	3647
殿下	3648
宛	3649
碗	3650
上课	3651
尝尝	3652
誉	3653
荣誉	3654
挣	3655
违	3656
违反	3657
否认	3658
阶	3659
阶段	3660
商量	3661
冡	3662
蒙	3663
出于	3664
尼克	3665
牛仔	3666
站住	3667
槟	3668
香槟	3669
偷走	3670
屋里	3671
技巧	3672
情感	3673
提议	3674
中央	3675
逃避	3676
每周	3677
街区	3678
罪名	3679
频	3680
频道	3681
公共	3682
物质	3683
传说	3684
时期	3685
甩	3686
伸	3687
即便	3688
射击	3689
眼镜	3690
屋顶	3691
愿望	3692
起床	3693
形	3694
形象	3695
皮特	3696
大赛	3697
兔	3698
兔子	3699
袋子	3700
事物	3701
孛	3702
勃	3703
鲍	3704
鲍勃	3705
发疯	3706
以外	3707
黾	3708
绳	3709
绳子	3710
圣经	3711
美味	3712
总部	3713
血迹	3714
姨	3715
阿姨	3716
奖	3717
机密	3718
主角	3719
发挥	3720
霉	3721
倒霉	3722
全球	3723
娜	3724
安娜	3725
纪念	3726
胸部	3727
胡子	3728
忠	3729
忠诚	3730
大哥	3731
妞	3732
小妞	3733
犮	3734
拔	3735
体内	3736
毕竟	3737
廊	3738
走廊	3739
墙上	3740
道德	3741
症状	3742
当初	3743
睡着	3744
有着	3745
系列	3746
慰	3747
安慰	3748
肌	3749
肌肉	3750
保重	3751
辰	3752
震	3753
震惊	3754
娱	3755
娱乐	3756
快要	3757
噩	3758
噩梦	3759
抗	3760
反抗	3761
心灵	3762
应得	3763
掩	3764
掩护	3765
睁	3766
镜子	3767
活力	3768
情人	3769
典	3770
经典	3771
显得	3772
死刑	3773
进步	3774
追求	3775
𢆉	3776
南	3777
南方	3778
苹	3779
苹果	3780
傻子	3781
天生	3782
亨利	3783
说实话	3784
求婚	3785
传奇	3786
浴	3787
浴室	3788
杆	3789
枚	3790
会见	3791
出租车	3792
走路	3793
手中	3794
想见	3795
涂	3796
不止	3797
年轻人	3798
碍	3799
障	3800
障碍	3801
顾问	3802
敏	3803
敏感	3804
危机	3805
㐱	3806
趁	3807
周五	3808
打破	3809
手下	3810
马克	3811
文化	3812
遵	3813
遵守	3814
飞船	3815
维持	3816
保守	3817
主管	3818
刮	3819
主义	3820
常常	3821
吕	3822
营	3823
营地	3824
煮	3825
承担	3826
花园	3827
大厅	3828
订婚	3829
扫	3830
打扫	3831
泰	3832
腊	3833
希腊	3834
四处	3835
拆	3836
出事	3837
缶	3838
缺	3839
草	3840
遭	3841
雚	3842
罐	3843
广播	3844
倦	3845
厌倦	3846
大声	3847
天空	3848
本地	3849
粘	3850
冰箱	3851
万岁	3852
视频	3853
出卖	3854
全身	3855
治安	3856
标记	3857
专门	3858
穿着	3859
郎	3860
女郎	3861
仇	3862
复仇	3863
琴	3864
钢	3865
钢琴	3866
会面	3867
外科	3868
数学	3869
至于	3870
登记	3871
篮	3872
篮球	3873
骂	3874
指导	3875
流行	3876
诊	3877
诊所	3878
材	3879
材料	3880
揭	3881
晓	3882
揭晓	3883
不安	3884
昏迷	3885
帮帮	3886
午夜	3887
相关	3888
汤米	3889
身材	3890
讽	3891
讽刺	3892
厈	3893
岸	3894
海岸	3895
凌	3896
凌晨	3897
辱	3898
侮	3899
侮辱	3900
直觉	3901
晋	3902
晋级	3903
作出	3904
保罗	3905
暴露	3906
废物	3907
绅	3908
绅士	3909
虫子	3910
台词	3911
公民	3912
抓紧	3913
地盘	3914
鸡蛋	3915
残	3916
残忍	3917
大多数	3918
造型	3919
孩儿	3920
关上	3921
不论	3922
对话	3923
圆	3924
镇上	3925
详	3926
详细	3927
冗	3928
沉	3929
默	3930
沉默	3931
我家	3932
迹象	3933
肃	3934
严肃	3935
神圣	3936
度假	3937
探长	3938
整整	3939
航空	3940
空中	3941
佬	3942
仓库	3943
开火	3944
吉他	3945
码头	3946
随着	3947
放到	3948
巧合	3949
山姆	3950
配合	3951
女子	3952
称呼	3953
好样	3954
具有	3955
本人	3956
刚好	3957
第六	3958
跟着	3959
忏	3960
忏悔	3961
补	3962
偿	3963
补偿	3964
明早	3965
犹	3966
犹太	3967
逗	3968
标志	3969
串	3970
患	3971
狗屁	3972
蛛	3973
蜘	3974
蜘蛛	3975
汉	3976
堡	3977
汉堡	3978
冲动	3979
着急	3980
带子	3981
亲眼	3982
演奏	3983
富	3984
富有	3985
封面	3986
幻觉	3987
㢆	3988
缠	3989
赚钱	3990
周六	3991
偷偷	3992
对抗	3993
蛮	3994
城堡	3995
夅	3996
降	3997
降落	3998
摩	3999
按摩	4000
疑犯	4001
本身	4002
平常	4003
吓人	4004
赶上	4005
奴隶	4006
熬	4007
村	4008
乡	4009
乡村	4010
枪击	4011
功夫	4012
完整	4013
在意	4014
老大	4015
嘴巴	4016
拜访	4017
大道	4018
相互	4019
迈	4020
迈克	4021
样本	4022
决不	4023
黑帮	4024
励	4025
奖励	4026
宣传	4027
严格	4028
肩	4029
膀	4030
肩膀	4031
悲剧	4032
交谈	4033
买卖	4034
大部分	4035
擎	4036
引擎	4037
桼	4038
膝	4039
膝盖	4040
谈判	4041
瘦	4042
咯	4043
医学	4044
蕾	4045
以下	4046
鬲	4047
隔	4048
壁	4049
隔壁	4050
日记	4051
萨	4052
商业	4053
自私	4054
食品	4055
闯	4056
闯进	4057
晚点	4058
解开	4059
乖乖	4060
提高	4061
下手	4062
宰	4063
漠	4064
沙漠	4065
戎	4066
贼	4067
亿	4068
凯	4069
凯文	4070
偶尔	4071
手套	4072
等于	4073
种族	4074
无所谓	4075
面临	4076
色情	4077
宫	4078
侵	4079
入侵	4080
当心	4081
赶到	4082
一辈子	4083
席	4084
出席	4085
经营	4086
课程	4087
字母	4088
舌头	4089
家长	4090
萝	4091
胖子	4092
消灭	4093
华	4094
盛	4095
华盛顿	4096
逢	4097
缝	4098
乐趣	4099
得知	4100
链	4101
项链	4102
实际	4103
虍	4104
虐	4105
虐待	4106
快速	4107
预	4108
预约	4109
比利	4110
面具	4111
忝	4112
舔	4113
幕	4114
起飞	4115
薪	4116
薪水	4117
友好	4118
哈里	4119
相反	4120
没用	4121
哪怕	4122
智	4123
理智	4124
原则	4125
劝	4126
室友	4127
明晚	4128
做好	4129
资金	4130
吞	4131
讼	4132
诉讼	4133
封锁	4134
妮	4135
纪录	4136
上司	4137
基因	4138
玉米	4139
高度	4140
晚会	4141
灰	4142
宠	4143
宠物	4144
广场	4145
黄	4146
黄色	4147
称为	4148
职位	4149
可恶	4150
一百	4151
沓	4152
踏	4153
星星	4154
确切	4155
扎	4156
找回	4157
限	4158
限制	4159
援	4160
支援	4161
肮	4162
肮脏	4163
之下	4164
大夫	4165
无数	4166
排练	4167
烫	4168
善良	4169
评论	4170
受害人	4171
不准	4172
球队	4173
基金	4174
可悲	4175
侧	4176
谊	4177
友谊	4178
出门	4179
王八	4180
表面	4181
大会	4182
位子	4183
投降	4184
不会	4185
上场	4186
击中	4187
主席	4188
欢呼	4189
慧	4190
智慧	4191
准确	4192
莎	4193
莎拉	4194
饭店	4195
灵感	4196
漫画	4197
主动	4198
性爱	4199
平时	4200
钉	4201
女孩子	4202
骗人	4203
联合	4204
对面	4205
囚	4206
囚犯	4207
屚	4208
漏	4209
角落	4210
预言	4211
批准	4212
氛	4213
气氛	4214
大师	4215
检察官	4216
碎片	4217
无罪	4218
略	4219
策	4220
策略	4221
脾	4222
脾气	4223
价格	4224
老头	4225
逃脱	4226
素	4227
体验	4228
坏蛋	4229
装备	4230
可靠	4231
领先	4232
阿门	4233
录音	4234
照看	4235
中午	4236
得分	4237
机器人	4238
货车	4239
忘掉	4240
行事	4241
声明	4242
氓	4243
流氓	4244
黄金	4245
优势	4246
临时	4247
辑	4248
编辑	4249
独舞	4250
馅	4251
馅饼	4252
性格	4253
懂得	4254
排除	4255
明年	4256
欲	4257
昷	4258
温	4259
柔	4260
温柔	4261
成交	4262
夫妻	4263
升	4264
鼓	4265
鼓励	4266
皇	4267
皇后	4268
签字	4269
留下来	4270
教会	4271
成就	4272
金钱	4273
读书	4274
老人	4275
警卫	4276
方案	4277
形容	4278
消防	4279
矮	4280
树林	4281
益	4282
利益	4283
寻求	4284
孑	4285
孔	4286
吼	4287
古巴	4288
收回	4289
怪异	4290
心跳	4291
发动	4292
道路	4293
地铁	4294
军事	4295
询	4296
询问	4297
集团	4298
肙	4299
捐	4300
超人	4301
及时	4302
协助	4303
衡	4304
平衡	4305
体育	4306
乘客	4307
迷路	4308
结论	4309
接吻	4310
售	4311
销	4312
销售	4313
鲨	4314
鲨鱼	4315
茶	4316
价钱	4317
人群	4318
通道	4319
西蒙	4320
动力	4321
托尼	4322
阴	4323
阴谋	4324
慢慢来	4325
良好	4326
性命	4327
为此	4328
弗兰克	4329
二十	4330
赶走	4331
自愿	4332
手枪	4333
工人	4334
棵	4335
孤单	4336
协会	4337
喉	4338
咙	4339
喉咙	4340
爆发	4341
施	4342
措	4343
措施	4344
一两	4345
清白	4346
足球	4347
祝福	4348
目击	4349
困扰	4350
陷害	4351
化学	4352
瞄	4353
瞄准	4354
随意	4355
人选	4356
调整	4357
卂	4358
讯	4359
审讯	4360
少校	4361
荒唐	4362
场景	4363
一家	4364
惊人	4365
康复	4366
策划	4367
费用	4368
火灾	4369
弥	4370
弥补	4371
连接	4372
大门	4373
胃	4374
韩	4375
韩国	4376
过敏	4377
理想	4378
党	4379
凯特	4380
点子	4381
吉姆	4382
杜	4383
科技	4384
裹	4385
包裹	4386
工资	4387
小小的	4388
路线	4389
判决	4390
源	4391
来源	4392
妇女	4393
公正	4394
毯	4395
地毯	4396
扔掉	4397
总算	4398
裸	4399
裸体	4400
阱	4401
陷阱	4402
依靠	4403
委托	4404
宴	4405
宴会	4406
真心	4407
古老	4408
不妙	4409
伪	4410
伪装	4411
来着	4412
发送	4413
冲突	4414
白宫	4415
妆	4416
化妆	4417
指示	4418
散步	4419
柜	4420
只好	4421
迪	4422
上午	4423
捅	4424
别提	4425
鄙	4426
卑鄙	4427
原本	4428
怀念	4429
端	4430
剧院	4431
恕	4432
宽	4433
宽恕	4434
见识	4435
人士	4436
创意	4437
代替	4438
汁	4439
局里	4440
这家	4441
水果	4442
脆	4443
干脆	4444
𢎥	4445
弱	4446
脆弱	4447
侵犯	4448
霸	4449
争霸	4450
无意	4451
玩玩	4452
爰	4453
暖	4454
温暖	4455
朱	4456
珠	4457
珠宝	4458
提起	4459
玫	4460
瑰	4461
玫瑰	4462
大伙	4463
切断	4464
器官	4465
出版	4466
罪行	4467
考验	4468
崇	4469
崇拜	4470
前妻	4471
时装	4472
主持	4473
搬家	4474
男子	4475
活儿	4476
罪恶	4477
稍后	4478
劳	4479
效劳	4480
哈利	4481
远远	4482
用来	4483
假期	4484
扫描	4485
委员会	4486
乏	4487
缺乏	4488
义务	4489
一时	4490
孟	4491
猛	4492
连续	4493
连环	4494
白天	4495
魔术	4496
欲望	4497
精灵	4498
宓	4499
蜜	4500
夆	4501
蜂	4502
蜜蜂	4503
实力	4504
受不了	4505
亏	4506
夸	4507
夸张	4508
一千	4509
桌上	4510
赌博	4511
失控	4512
处境	4513
礼服	4514
零	4515
卧底	4516
专辑	4517
继承	4518
保存	4519
感动	4520
晃	4521
修好	4522
难以置信	4523
如今	4524
祖	4525
祖母	4526
打球	4527
爹	4528
老爹	4529
西装	4530
沾	4531
不如	4532
隔离	4533
佣	4534
雇佣	4535
企	4536
企图	4537
晓得	4538
迟早	4539
电台	4540
全世界	4541
护照	4542
涯	4543
生涯	4544
三明治	4545
支付	4546
开会	4547
知识	4548
观看	4549
袖	4550
领袖	4551
小偷	4552
英寸	4553
挣扎	4554
荐	4555
推荐	4556
球员	4557
收养	4558
蚤	4559
骚	4560
骚扰	4561
币	4562
硬币	4563
引爆	4564
堪	4565
难堪	4566
节日	4567
吻合	4568
许可	4569
汇	4570
汇报	4571
难受	4572
丢脸	4573
鼓掌	4574
放屁	4575
奖金	4576
马丁	4577
旅程	4578
热狗	4579
糖果	4580
末日	4581
片子	4582
地面	4583
声称	4584
捉	4585
撕	4586
桩	4587
过度	4588
咨	4589
咨询	4590
巿	4591
肺	4592
瑟	4593
亚瑟	4594
出庭	4595
提示	4596
糊	4597
糊涂	4598
包围	4599
燃	4600
燃烧	4601
毒气	4602
豪华	4603
拳击	4604
了不起	4605
修女	4606
亚当	4607
混合	4608
争吵	4609
轻易	4610
明智	4611
幽	4612
幽默	4613
桶	4614
惑	4615
困惑	4616
后退	4617
武装	4618
走走	4619
甲	4620
指甲	4621
透露	4622
斗争	4623
灯光	4624
督	4625
基督	4626
注意力	4627
廉	4628
威廉	4629
选举	4630
上车	4631
追查	4632
足以	4633
好受	4634
相爱	4635
出名	4636
软	4637
夹克	4638
人口	4639
赖	4640
不赖	4641
帮派	4642
街头	4643
违法	4644
隐私	4645
陈	4646
内衣	4647
功能	4648
口音	4649
明确	4650
第七	4651
旋	4652
旋转	4653
品牌	4654
闯入	4655
穿越	4656
𡰯	4657
刷	4658
有意	4659
回顾	4660
虎	4661
孙	4662
孙子	4663
把握	4664
激烈	4665
授权	4666
相机	4667
丢掉	4668
汗	4669
老弟	4670
贩	4671
毒贩	4672
收入	4673
象是	4674
欢乐	4675
夋	4676
酸	4677
公里	4678
钓	4679
钓鱼	4680
环节	4681
抚	4682
抚养	4683
集合	4684
同伴	4685
车站	4686
扶	4687
私下	4688
秘书	4689
事先	4690
非得	4691
全体	4692
犹太人	4693
尽情	4694
凯蒂	4695
不可思议	4696
做饭	4697
兽	4698
怪兽	4699
狠	4700
扭	4701
啦啦队	4702
这部	4703
帝国	4704
杯子	4705
使命	4706
羞	4707
害羞	4708
返	4709
返回	4710
残酷	4711
础	4712
基础	4713
酒精	4714
场合	4715
小时候	4716
模型	4717
直说	4718
准时	4719
部长	4720
画面	4721
幽灵	4722
诡	4723
诡异	4724
复制	4725
可疑	4726
下降	4727
牛肉	4728
疼痛	4729
恶梦	4730
摄影	4731
巴斯	4732
积	4733
积极	4734
假释	4735
闪电	4736
通讯	4737
车库	4738
解除	4739
评估	4740
早安	4741
早点	4742
华生	4743
盘子	4744
身后	4745
给予	4746
破产	4747
呵	4748
呵呵	4749
典型	4750
建造	4751
如同	4752
着呢	4753
查看	4754
赌场	4755
出场	4756
半夜	4757
崔	4758
名义	4759
伪造	4760
官司	4761
力气	4762
过夜	4763
掩盖	4764
东京	4765
挑选	4766
发作	4767
以上	4768
团结	4769
救援	4770
除掉	4771
开头	4772
翘	4773
入口	4774
接手	4775
收看	4776
诱	4777
诱惑	4778
谋杀案	4779
胡扯	4780
眼里	4781
遭到	4782
箭	4783
火箭	4784
十二	4785
安迪	4786
袜	4787
袜子	4788
负担	4789
暂停	4790
做法	4791
沙滩	4792
社交	4793
恼	4794
烦恼	4795
从不	4796
得了	4797
胎	4798
轮胎	4799
移民	4800
着火	4801
上来	4802
团体	4803
有用	4804
举办	4805
抹	4806
抢走	4807
泪	4808
眼泪	4809
顷	4810
倾	4811
倾向	4812
待命	4813
关联	4814
日期	4815
兟	4816
赞	4817
赞成	4818
热爱	4819
战场	4820
遭遇	4821
击败	4822
转身	4823
保住	4824
统治	4825
唇	4826
嘴唇	4827
形式	4828
游行	4829
相似	4830
结合	4831
盾	4832
矛	4833
矛盾	4834
现象	4835
怪人	4836
小家伙	4837
没事儿	4838
玩偶	4839
清单	4840
接下来	4841
充分	4842
复活	4843
头部	4844
哪些	4845
后备	4846
领域	4847
振	4848
振作	4849
彖	4850
缘	4851
边缘	4852
肖恩	4853
修理	4854
信用卡	4855
据说	4856
池	4857
电池	4858
居民	4859
笑容	4860
菲	4861
平安	4862
蜡	4863
烛	4864
蜡烛	4865
亲人	4866
搬走	4867
家乡	4868
棺	4869
棺材	4870
迅	4871
迅速	4872
立场	4873
差劲	4874
情形	4875
牛排	4876
意志	4877
领带	4878
仁	4879
仁慈	4880
手表	4881
边上	4882
途	4883
前途	4884
无比	4885
导弹	4886
甜蜜	4887
现代	4888
一向	4889
隧	4890
隧道	4891
成立	4892
本事	4893
植	4894
移植	4895
野兽	4896
突破	4897
妨	4898
妨碍	4899
爱人	4900
尾	4901
评审	4902
一共	4903
双手	4904
碰巧	4905
指令	4906
巫	4907
巫师	4908
鲍尔	4909
饰	4910
装饰	4911
石油	4912
写信	4913
保释	4914
朗	4915
奶油	4916
诊断	4917
姓名	4918
沿	4919
沿着	4920
撤	4921
撤退	4922
瓶子	4923
资源	4924
徒	4925
叛徒	4926
成人	4927
悲惨	4928
迈阿密	4929
模式	4930
鸡肉	4931
教师	4932
阵	4933
一阵	4934
中士	4935
风暴	4936
基于	4937
预测	4938
西部	4939
忽	4940
忽略	4941
外表	4942
埃	4943
埃及	4944
雅	4945
优雅	4946
法医	4947
幕后	4948
独特	4949
苏	4950
小事	4951
谢天谢地	4952
干扰	4953
额	4954
额外	4955
欺负	4956
作案	4957
防守	4958
国会	4959
房租	4960
减	4961
减少	4962
体会	4963
挽	4964
挽救	4965
上台	4966
生产	4967
腰	4968
一万	4969
街道	4970
珍	4971
珍妮	4972
播放	4973
泥	4974
酗	4975
酗酒	4976
大海	4977
医师	4978
脱离	4979
光明	4980
此刻	4981
款	4982
贷	4983
贷款	4984
羞辱	4985
哈罗	4986
女神	4987
寻常	4988
堵	4989
质疑	4990
狠狠	4991
节奏	4992
柏	4993
柏林	4994
戚	4995
亲戚	4996
香水	4997
路过	4998
冘	4999
枕	5000
枕头	5001
拼命	5002
歌词	5003
说不定	5004
机票	5005
外婆	5006
地震	5007
才华	5008
早饭	5009
加速	5010
情节	5011
玩儿	5012
警员	5013
转变	5014
操作	5015
死因	5016
喜爱	5017
最初	5018
摘	5019
武士	5020
各自	5021
人体	5022
组成	5023
一番	5024
杰夫	5025
参观	5026
屏	5027
屏幕	5028
专心	5029
告别	5030
枪杀	5031
吊	5032
亲吻	5033
疚	5034
内疚	5035
不利	5036
荡	5037
荡妇	5038
地位	5039
运作	5040
献	5041
贡	5042
贡献	5043
住处	5044
靴	5045
靴子	5046
深处	5047
始终	5048
琼	5049
琼斯	5050
火鸡	5051
过于	5052
几百	5053
车辆	5054
账	5055
账户	5056
撒旦	5057
凯尔	5058
图像	5059
安妮	5060
同伙	5061
毙	5062
洗手间	5063
丰富	5064
股票	5065
访问	5066
赶来	5067
插手	5068
慨	5069
慷	5070
慷慨	5071
胞	5072
细胞	5073
设法	5074
押	5075
迷失	5076
验尸	5077
每晚	5078
哎呀	5079
了结	5080
形成	5081
苏联	5082
来临	5083
潜	5084
潜力	5085
行业	5086
外遇	5087
遵命	5088
沙拉	5089
举动	5090
倒数	5091
费城	5092
少女	5093
鸽	5094
鸽子	5095
就算	5096
戏剧	5097
镖	5098
保镖	5099
小队	5100
抗议	5101
奈	5102
热线	5103
执照	5104
一点儿	5105
军人	5106
幸存者	5107
偏	5108
旅游	5109
沟	5110
沟通	5111
周年	5112
伯	5113
财富	5114
卦	5115
八卦	5116
汽油	5117
泣	5118
哭泣	5119
没门	5120
指责	5121
政策	5122
侄	5123
侄子	5124
叶	5125
泰勒	5126
直升机	5127
良心	5128
永不	5129
容忍	5130
加拿大	5131
舞步	5132
恤	5133
空军	5134
使得	5135
周日	5136
一团糟	5137
健身	5138
卡片	5139
纯	5140
倒下	5141
后门	5142
分离	5143
战胜	5144
渣	5145
披	5146
被迫	5147
果汁	5148
演戏	5149
亲手	5150
毛巾	5151
狂欢	5152
大众	5153
尊严	5154
清除	5155
寂	5156
寞	5157
寂寞	5158
没准	5159
定位	5160
芯	5161
芯片	5162
核	5163
核弹	5164
单位	5165
铐	5166
手铐	5167
作战	5168
论文	5169
作者	5170
嘱	5171
遗嘱	5172
平民	5173
艳	5174
预感	5175
侣	5176
伴侣	5177
体重	5178
多亏	5179
向前	5180
巴西	5181
感冒	5182
固	5183
固定	5184
口味	5185
炼	5186
锻	5187
锻炼	5188
遭受	5189
册	5190
注册	5191
肿	5192
瘤	5193
肿瘤	5194
一整天	5195
预算	5196
气味	5197
名声	5198
发布	5199
木头	5200
俊	5201
英俊	5202
公布	5203
新年	5204
锁定	5205
图片	5206
首席	5207
果然	5208
余生	5209
敲门	5210
患者	5211
高手	5212
阴影	5213
影片	5214
戴夫	5215
引发	5216
滋	5217
滋味	5218
手法	5219
鲍比	5220
爱好	5221
村子	5222
洋	5223
海洋	5224
右手	5225
乐观	5226
损伤	5227
涉	5228
涉及	5229
创伤	5230
预备	5231
弊	5232
作弊	5233
征	5234
征服	5235
至今	5236
罗杰	5237
小屋	5238
友善	5239
搬进	5240
认罪	5241
骨折	5242
报仇	5243
蝙	5244
蝠	5245
蝙蝠	5246
全家	5247
人数	5248
浑	5249
浑身	5250
争论	5251
亲近	5252
搅	5253
打搅	5254
春天	5255
州长	5256
回归	5257
公车	5258
听话	5259
布置	5260
上升	5261
尽头	5262
鲁	5263
收藏	5264
勒索	5265
名片	5266
天上	5267
愈	5268
治愈	5269
陌	5270
陌生	5271
芝	5272
芝加哥	5273
泄	5274
泄露	5275
回复	5276
典礼	5277
鸭	5278
鸭子	5279
业余	5280
商场	5281
着迷	5282
驾照	5283
当晚	5284
炸药	5285
参赛	5286
唤	5287
召唤	5288
人才	5289
安息	5290
战术	5291
传送	5292
皆	5293
巴士	5294
抵	5295
抵抗	5296
纵	5297
操纵	5298
逃离	5299
说是	5300
重建	5301
局面	5302
批评	5303
深入	5304
设置	5305
滚蛋	5306
回应	5307
失业	5308
毫不	5309
香烟	5310
将要	5311
问好	5312
上门	5313
克服	5314
全面	5315
难怪	5316
钮	5317
按钮	5318
超市	5319
歪	5320
计算	5321
两者	5322
公爵	5323
奇妙	5324
收获	5325
老朋友	5326
代理	5327
排队	5328
喘	5329
守卫	5330
牢房	5331
厨师	5332
消除	5333
有利	5334
克鲁	5335
歇	5336
是不是	5337
例	5338
例如	5339
赠	5340
捐赠	5341
西班牙	5342
冬天	5343
粹	5344
纯粹	5345
约定	5346
莉	5347
莉莉	5348
场面	5349
防止	5350
佛	5351
当年	5352
脑海	5353
控告	5354
幢	5355
海边	5356
报应	5357
来电	5358
窝	5359
耀	5360
荣耀	5361
斯坦	5362
合约	5363
植物	5364
轿	5365
轿车	5366
镇子	5367
明明	5368
堇	5369
谨	5370
慎	5371
谨慎	5372
超越	5373
原始	5374
官员	5375
塑	5376
塑料	5377
时空	5378
豫	5379
犹豫	5380
发火	5381
服用	5382
祷告	5383
不惜	5384
从此	5385
恒	5386
永恒	5387
放学	5388
回见	5389
出价	5390
祖父	5391
弱点	5392
经纪人	5393
蜜月	5394
下载	5395
投诉	5396
企业	5397
停车场	5398
穷	5399
月亮	5400
家具	5401
雇员	5402
旅途	5403
凉	5404
狮	5405
狮子	5406
潮	5407
高潮	5408
兮	5409
服从	5410
第八	5411
温度	5412
信念	5413
焰	5414
火焰	5415
住嘴	5416
真诚	5417
陌生人	5418
贿	5419
赂	5420
贿赂	5421
深深	5422
接通	5423
市民	5424
极度	5425
皇家	5426
展开	5427
后台	5428
金子	5429
女巫	5430
故障	5431
卡拉	5432
饱	5433
出售	5434
伯爵	5435
地下室	5436
署	5437
签署	5438
数量	5439
猜测	5440
对了	5441
颈	5442
相比	5443
双方	5444
舱	5445
不管怎样	5446
畺	5447
僵	5448
僵尸	5449
匹配	5450
窒	5451
窒息	5452
哥们儿	5453
俄罗斯	5454
牌子	5455
创作	5456
象征	5457
仗	5458
打仗	5459
处女	5460
卫生	5461
开放	5462
心脏病	5463
老是	5464
小声	5465
逛	5466
分散	5467
球场	5468
大型	5469
住院	5470
告知	5471
冻	5472
缸	5473
浴缸	5474
何不	5475
搜寻	5476
迪克	5477
指出	5478
哈哈哈	5479
推测	5480
降临	5481
墓	5482
坟	5483
坟墓	5484
官方	5485
棕	5486
棕色	5487
文明	5488
勇士	5489
晒	5490
三十	5491
牙医	5492
调查局	5493
舒适	5494
审问	5495
舰	5496
舰队	5497
见证	5498
曲子	5499
实施	5500
当事人	5501
大象	5502
晚宴	5503
呜	5504
贵族	5505
㫗	5506
厚	5507
头疼	5508
魔力	5509
弯	5510
陈述	5511
闷	5512
郁	5513
郁闷	5514
敞	5515
敞开	5516
救护车	5517
比如说	5518
因素	5519
翟	5520
戳	5521
帕	5522
好听	5523
不足	5524
边境	5525
仙	5526
赐	5527
事务所	5528
疗法	5529
发给	5530
操心	5531
疑问	5532
掩饰	5533
挡住	5534
参议员	5535
纳粹	5536
条子	5537
做成	5538
例子	5539
维护	5540
终点	5541
雾	5542
献给	5543
躲避	5544
提名	5545
芬	5546
生死	5547
走向	5548
野蛮	5549
亚洲	5550
调情	5551
屠	5552
屠杀	5553
花样	5554
留意	5555
炬	5556
火炬	5557
厌恶	5558
从前	5559
播出	5560
完事	5561
运用	5562
仆	5563
仆人	5564
亲生	5565
稽	5566
滑稽	5567
天真	5568
懦	5569
懦夫	5570
巷	5571
港	5572
终结	5573
责怪	5574
共事	5575
解脱	5576
设计师	5577
漫长	5578
什么的	5579
狂热	5580
土豆	5581
赞助	5582
也就是说	5583
偶然	5584
烦人	5585
裂	5586
裂缝	5587
工程	5588
讲讲	5589
结尾	5590
谜	5591
有名	5592
堕	5593
堕落	5594
杰瑞	5595
艺术家	5596
正当	5597
预料	5598
舞伴	5599
翅	5600
翅膀	5601
掌声	5602
克莱尔	5603
合并	5604
台步	5605
上演	5606
高速	5607
赞同	5608
处在	5609
做事	5610
丢人	5611
用于	5612
小费	5613
丛	5614
丛林	5615
杰西	5616
年度	5617
极端	5618
列车	5619
看出	5620
极其	5621
线路	5622
肠	5623
香肠	5624
傅	5625
师傅	5626
械	5627
机械	5628
拖车	5629
纸条	5630
共度	5631
决心	5632
届	5633
坚信	5634
拘	5635
拘留	5636
可乐	5637
污	5638
污染	5639
传播	5640
每当	5641
位于	5642
从事	5643
可能性	5644
刹	5645
刹车	5646
雇用	5647
幸好	5648
融	5649
融入	5650
裁	5651
裁判	5652
商人	5653
歌唱	5654
胆	5655
大胆	5656
花钱	5657
避开	5658
小小	5659
分裂	5660
噪	5661
噪音	5662
少年	5663
马桶	5664
警察局	5665
侵入	5666
巛	5667
巡	5668
逻	5669
巡逻	5670
蕉	5671
香蕉	5672
军官	5673
单子	5674
伏	5675
伏特	5676
吸烟	5677
迎接	5678
各地	5679
把戏	5680
榄	5681
橄	5682
橄榄球	5683
无论如何	5684
蝶	5685
蝴	5686
蝴蝶	5687
枼	5688
碟	5689
外星人	5690
头痛	5691
呕	5692
呕吐	5693
反而	5694
手头	5695
定义	5696
真话	5697
孤儿	5698
下巴	5699
想像	5700
郡	5701
哈佛	5702
恐吓	5703
总裁	5704
耻	5705
羞耻	5706
径	5707
口径	5708
影像	5709
童年	5710
发泄	5711
洁	5712
清洁	5713
视线	5714
轨	5715
轨道	5716
粗	5717
篷	5718
帐篷	5719
罩	5720
尾巴	5721
追捕	5722
科学家	5723
屉	5724
抽屉	5725
血压	5726
嚼	5727
点心	5728
头绪	5729
遗传	5730
氧	5731
氧气	5732
剪刀	5733
困境	5734
卡住	5735
十足	5736
拉拉	5737
会员	5738
长期	5739
中学	5740
携	5741
携带	5742
此事	5743
勾引	5744
急救	5745
马车	5746
巨人	5747
检验	5748
过世	5749
溥	5750
薄	5751
刻薄	5752
海伦	5753
猾	5754
狡	5755
狡猾	5756
守护	5757
焦虑	5758
不明	5759
佰	5760
宿	5761
误解	5762
风景	5763
德州	5764
无效	5765
O	5766
鉴	5767
鉴于	5768
写作	5769
垮	5770
陋	5771
丑陋	5772
厦	5773
大厦	5774
图书馆	5775
慌	5776
撼	5777
震撼	5778
例外	5779
爱尔兰	5780
回合	5781
假发	5782
赞美	5783
打动	5784
保卫	5785
打包	5786
掐	5787
减肥	5788
民主	5789
自在	5790
执法	5791
其余	5792
跃	5793
跳跃	5794
电力	5795
地步	5796
原地	5797
威利	5798
兹	5799
命名	5800
撤销	5801
宾	5802
宾馆	5803
事务	5804
御	5805
防御	5806
说来	5807
妄	5808
妄想	5809
司法	5810
跪	5811
跪下	5812
指引	5813
客厅	5814
预定	5815
解放	5816
院子	5817
伊拉克	5818
越南	5819
回想	5820
结构	5821
䧹	5822
鹰	5823
软弱	5824
新人	5825
轮椅	5826
谣	5827
谣言	5828
无视	5829
接管	5830
洒	5831
大小	5832
装作	5833
好转	5834
管道	5835
版本	5836
博物馆	5837
监禁	5838
摄像机	5839
酬	5840
报酬	5841
缺少	5842
动静	5843
校园	5844
教室	5845
证件	5846
热烈	5847
后院	5848
发言	5849
不是	5850
能源	5851
摔倒	5852
谎话	5853
艾米	5854
仇恨	5855
代码	5856
辩论	5857
泰德	5858
聚集	5859
领养	5860
大使	5861
胃口	5862
摄影师	5863
琳	5864
琳达	5865
周二	5866
丧失	5867
流放	5868
上衣	5869
人性	5870
值钱	5871
茄	5872
雪茄	5873
着想	5874
指挥官	5875
粗鲁	5876
开场	5877
铺	5878
叫醒	5879
辐	5880
辐射	5881
离家	5882
豁免权	5883
休假	5884
拉丁	5885
逊	5886
下落	5887
落后	5888
传染	5889
忌	5890
威士忌	5891
萨拉	5892
带领	5893
山上	5894
实习	5895
特征	5896
腕	5897
手腕	5898
朝鲜	5899
眠	5900
睡眠	5901
撤离	5902
感应	5903
前科	5904
忽视	5905
真名	5906
恐慌	5907
购买	5908
合伙人	5909
挪	5910
提升	5911
老虎	5912
议会	5913
前任	5914
歌声	5915
大火	5916
咒语	5917
卷入	5918
赔	5919
赔偿	5920
蛋蛋	5921
潜水	5922
甩掉	5923
艇	5924
游艇	5925
光荣	5926
异性	5927
暗杀	5928
药品	5929
办事	5930
念头	5931
挨	5932
违背	5933
小鬼	5934
赐予	5935
雷斯	5936
逻辑	5937
奥	5938
遗产	5939
皂	5940
肥皂	5941
物理	5942
倒是	5943
圈套	5944
瞬	5945
瞬间	5946
正经	5947
通往	5948
酒鬼	5949
看待	5950
路边	5951
毯子	5952
降低	5953
薯	5954
薯条	5955
扔下	5956
登场	5957
输入	5958
拿下	5959
前夫	5960
含	5961
管子	5962
惊奇	5963
人格	5964
拦	5965
用品	5966
轻轻	5967
取笑	5968
戴维	5969
罐子	5970
账单	5971
珍贵	5972
四周	5973
沃	5974
沃恩	5975
不得	5976
帮手	5977
相遇	5978
质量	5979
车牌	5980
盔	5981
头盔	5982
思维	5983
起立	5984
眼中	5985
看起来	5986
先进	5987
宝贵	5988
摄像头	5989
级别	5990
竞赛	5991
马路	5992
来信	5993
三点	5994
真理	5995
小姑娘	5996
病情	5997
情景	5998
赛季	5999
察觉	6000
嫌疑犯	6001
毒药	6002
招待	6003
学期	6004
垫	6005
扎克	6006
匿	6007
匿名	6008
概念	6009
认得	6010
荷	6011
荷兰	6012
评判	6013
岩	6014
岩石	6015
革命	6016
选票	6017
渐	6018
逐	6019
逐渐	6020
引导	6021
短暂	6022
修改	6023
安装	6024
妳	6025
学位	6026
干涉	6027
船员	6028
前门	6029
相符	6030
嫌疑	6031
迷惑	6032
湾	6033
结案	6034
星系	6035
发光	6036
叉	6037
交叉	6038
泳池	6039
大不了	6040
切除	6041
睡衣	6042
自行车	6043
意愿	6044
饶	6045
证物	6046
取代	6047
元首	6048
接收	6049
备用	6050
扳	6051
扳机	6052
遗忘	6053
刀子	6054
本该	6055
艾伦	6056
分别	6057
枪支	6058
梅	6059
梅林	6060
人间	6061
这时	6062
腔	6063
娘娘腔	6064
计时	6065
民众	6066
誓言	6067
嗓	6068
嗓音	6069
本能	6070
愧	6071
羞愧	6072
唬	6073
吓唬	6074
修复	6075
督察	6076
阿曼	6077
蔬	6078
蔬菜	6079
从小	6080
装满	6081
大大	6082
难忘	6083
碰上	6084
语气	6085
左手	6086
此时	6087
天天	6088
添	6089
认定	6090
灌	6091
拳头	6092
杀人犯	6093
喽	6094
一秒	6095
握手	6096
一流	6097
设施	6098
培	6099
培养	6100
抵达	6101
珍惜	6102
难度	6103
成果	6104
行星	6105
赌注	6106
南部	6107
奋斗	6108
有力	6109
迈克尔	6110
形状	6111
打倒	6112
哩	6113
苏格兰	6114
秩	6115
秩序	6116
锅	6117
男士	6118
里斯	6119
猎	6120
猎人	6121
周四	6122
先知	6123
詹	6124
詹姆斯	6125
哀	6126
悲哀	6127
坑	6128
私家	6129
短裤	6130
发觉	6131
砰	6132
韦恩	6133
傻事	6134
中毒	6135
跑步	6136
改造	6137
反击	6138
日落	6139
门票	6140
胶	6141
开通	6142
装修	6143
傲慢	6144
离去	6145
头号	6146
成分	6147
居住	6148
催	6149
军方	6150
没错	6151
影子	6152
中校	6153
凶杀	6154
网球	6155
艾迪	6156
其次	6157
墅	6158
别墅	6159
印第安	6160
呈现	6161
寿	6162
筹	6163
运动员	6164
吉尔	6165
笼	6166
笼子	6167
国土	6168
拍卖	6169
买家	6170
大叔	6171
已婚	6172
驾车	6173
憎	6174
憎恨	6175
诺言	6176
和解	6177
小学	6178
走过	6179
蛙	6180
青蛙	6181
火星	6182
识别	6183
失误	6184
等候	6185
元素	6186
臀	6187
臀部	6188
扑	6189
扑克	6190
其他人	6191
缩	6192
缩小	6193
传达	6194
房屋	6195
编排	6196
铃	6197
大战	6198
底线	6199
税	6200
露出	6201
虚	6202
虚构	6203
贪	6204
婪	6205
贪婪	6206
阁楼	6207
就绪	6208
主教	6209
圼	6210
捏	6211
镇定	6212
汉城	6213
报导	6214
晰	6215
清晰	6216
村庄	6217
法案	6218
队友	6219
客房	6220
标签	6221
仪器	6222
宿舍	6223
囷	6224
菌	6225
细菌	6226
表格	6227
麻醉	6228
品味	6229
无知	6230
王国	6231
眼光	6232
星际	6233
比特	6234
杰出	6235
放大	6236
亲热	6237
榈	6238
棕榈	6239
低调	6240
毛衣	6241
大便	6242
耶鲁	6243
往常	6244
坦克	6245
风趣	6246
电视台	6247
首相	6248
纱	6249
婚纱	6250
孚	6251
乳	6252
诞生	6253
适当	6254
浓	6255
死神	6256
金色	6257
痒	6258
忠实	6259
享用	6260
指定	6261
以便	6262
波士顿	6263
旗	6264
跤	6265
摔跤	6266
符号	6267
小型	6268
陆	6269
着陆	6270
护理	6271
没收	6272
肾	6273
伤亡	6274
仿佛	6275
鉴定	6276
必需	6277
花花	6278
阅	6279
阅读	6280
宣誓	6281
窃	6282
盗窃	6283
选中	6284
奖品	6285
无疑	6286
梦幻	6287
凯伦	6288
来讲	6289
公子	6290
尿布	6291
当真	6292
今日	6293
蹦	6294
骑马	6295
纤	6296
纤维	6297
推销	6298
递	6299
递给	6300
柜子	6301
贩毒	6302
要不	6303
心思	6304
道别	6305
升级	6306
捣	6307
捣乱	6308
几千	6309
需求	6310
开拍	6311
纠	6312
纠缠	6313
瑞士	6314
墓地	6315
雷达	6316
应当	6317
煎	6318
长久	6319
哄	6320
终身	6321
信封	6322
奄	6323
淹	6324
淹死	6325
赛车	6326
出狱	6327
花费	6328
玄	6329
畜	6330
畜生	6331
宝藏	6332
福利	6333
安心	6334
卡特	6335
牵	6336
牵扯	6337
病房	6338
一早	6339
没空	6340
雕	6341
雕像	6342
探索	6343
停手	6344
循	6345
循环	6346
争执	6347
马特	6348
驱	6349
驱逐	6350
菜单	6351
付给	6352
局势	6353
清洗	6354
主妇	6355
财务	6356
怪胎	6357
大衣	6358
业务	6359
军士	6360
顺序	6361
终止	6362
北方	6363
梦见	6364
柠	6365
檬	6366
柠檬	6367
貌似	6368
自身	6369
运行	6370
峡	6371
峡谷	6372
模样	6373
熏	6374
秋	6375
瑞秋	6376
运输	6377
剥	6378
制定	6379
上网	6380
肉体	6381
枪声	6382
登陆	6383
频率	6384
青年	6385
收据	6386
正直	6387
传言	6388
出走	6389
肝	6390
肝脏	6391
含义	6392
专注	6393
传递	6394
筹码	6395
看守	6396
老远	6397
资助	6398
骗局	6399
八点	6400
优先	6401
延	6402
拖延	6403
徽	6404
徽章	6405
以往	6406
探险	6407
凑	6408
戮	6409
杀戮	6410
争夺	6411
屈	6412
掘	6413
挖掘	6414
宁可	6415
强盗	6416
哈维	6417
回避	6418
赋予	6419
圈子	6420
乡下	6421
命中	6422
大陆	6423
神话	6424
桃	6425
暑	6426
暑假	6427
妥	6428
妥协	6429
燃料	6430
裁决	6431
惕	6432
警惕	6433
亲爱的	6434
莓	6435
草莓	6436
自首	6437
料到	6438
当天	6439
趾	6440
脚趾	6441
天下	6442
精确	6443
供应	6444
催眠	6445
耽	6446
耽误	6447
圣诞老人	6448
过量	6449
待遇	6450
通信	6451
份子	6452
棘	6453
棘手	6454
之上	6455
拟	6456
模拟	6457
点燃	6458
张开	6459
紧紧	6460
语音	6461
问候	6462
克里斯	6463
小孩子	6464
胜过	6465
钞	6466
钞票	6467
拦住	6468
血管	6469
姨妈	6470
血统	6471
今后	6472
摆平	6473
提问	6474
林肯	6475
依赖	6476
朴	6477
尽可能	6478
夜里	6479
绎	6480
演绎	6481
小鸟	6482
顶级	6483
知名	6484
瘾	6485
上瘾	6486
等到	6487
提取	6488
打工	6489
核心	6490
意图	6491
虾	6492
脸色	6493
加强	6494
萨姆	6495
凡	6496
非凡	6497
电源	6498
倾听	6499
气色	6500
开发	6501
坚定	6502
玩弄	6503
预见	6504
姜	6505
文字	6506
维修	6507
新郎	6508
不光	6509
进屋	6510
家园	6511
编剧	6512
亚伦	6513
市区	6514
吩	6515
咐	6516
吩咐	6517
开工	6518
诗人	6519
镑	6520
英镑	6521
童话	6522
数目	6523
鲜血	6524
第九	6525
职员	6526
法子	6527
召集	6528
无情	6529
获取	6530
隐形	6531
集会	6532
闪开	6533
查克	6534
月球	6535
下场	6536
丫	6537
丫头	6538
姑妈	6539
老二	6540
渐渐	6541
浮	6542
偏见	6543
行踪	6544
乳房	6545
光线	6546
高尚	6547
上诉	6548
保管	6549
伤痕	6550
本质	6551
勻	6552
均	6553
脱身	6554
坦诚	6555
解散	6556
阴道	6557
海上	6558
定罪	6559
躲开	6560
福尔摩斯	6561
季节	6562
抱抱	6563
战略	6564
无耻	6565
仍旧	6566
水管	6567
弟兄	6568
焦点	6569
维加斯	6570
手脚	6571
恶意	6572
模糊	6573
遇害	6574
打住	6575
统一	6576
晶	6577
水晶	6578
指向	6579
管家	6580
厌烦	6581
搏	6582
脉	6583
脉搏	6584
埃文	6585
剧场	6586
衬衣	6587
手册	6588
封闭	6589
首要	6590
外国	6591
叮	6592
走私	6593
出路	6594
死人	6595
分配	6596
不怕	6597
嘉	6598
嘉宾	6599
紫	6600
紫色	6601
低估	6602
进一步	6603
补充	6604
花生	6605
带有	6606
开庭	6607
匋	6608
掏	6609
动脉	6610
飞行员	6611
头骨	6612
赶回	6613
凤	6614
凰	6615
凤凰	6616
引诱	6617
越狱	6618
山羊	6619
别处	6620
讲述	6621
恶化	6622
终极	6623
未知	6624
形势	6625
潜在	6626
睹	6627
目睹	6628
求救	6629
後	6630
平等	6631
软件	6632
多数	6633
福特	6634
真人	6635
滑雪	6636
随后	6637
胸口	6638
介入	6639
出自	6640
枪手	6641
南瓜	6642
相片	6643
持有	6644
援助	6645
勋	6646
勋章	6647
独处	6648
零件	6649
会计	6650
多余	6651
青春	6652
浅	6653
乘坐	6654
V	6655
祭	6656
监督	6657
疏	6658
疏散	6659
称作	6660
宪	6661
宪法	6662
阻碍	6663
超出	6664
抖	6665
发抖	6666
背包	6667
幼	6668
稚	6669
幼稚	6670
开启	6671
道具	6672
往后	6673
歧	6674
歧视	6675
气球	6676
工业	6677
面子	6678
丢失	6679
那位	6680
严厉	6681
极限	6682
激励	6683
击球	6684
水手	6685
从头	6686
煎饼	6687
诺亚	6688
使劲	6689
廉价	6690
耻辱	6691
会上	6692
伊恩	6693
特定	6694
体贴	6695
港口	6696
日常	6697
有毒	6698
耳环	6699
所作所为	6700
行程	6701
才能	6702
撞击	6703
曝	6704
曝光	6705
悯	6706
怜悯	6707
也好	6708
埃迪	6709
电线	6710
豆子	6711
引用	6712
走人	6713
信件	6714
撒尿	6715
本性	6716
毫无疑问	6717
露营	6718
飘	6719
纯洁	6720
各个	6721
面条	6722
古董	6723
坪	6724
草坪	6725
陪伴	6726
一百万	6727
无限	6728
画家	6729
穷人	6730
致死	6731
强硬	6732
体力	6733
正面	6734
唤醒	6735
失败者	6736
啰	6737
财宝	6738
贴心	6739
国内	6740
周一	6741
情侣	6742
窗外	6743
随机	6744
气体	6745
城镇	6746
发烧	6747
知觉	6748
抑	6749
压抑	6750
无能	6751
精子	6752
苍	6753
蝇	6754
苍蝇	6755
杜威	6756
完了	6757
下令	6758
艾玛	6759
大腿	6760
面对面	6761
灰色	6762
重视	6763
流浪	6764
电击	6765
信箱	6766
之所以	6767
尼尔	6768
面孔	6769
黄油	6770
转转	6771
善于	6772
进化	6773
发行	6774
最低	6775
扭曲	6776
博客	6777
每人	6778
偷窃	6779
好友	6780
烤肉	6781
推迟	6782
缺点	6783
球迷	6784
设定	6785
挽回	6786
单词	6787
彩排	6788
遥	6789
遥远	6790
前来	6791
葱	6792
洋葱	6793
激光	6794
爱河	6795
狐	6796
狸	6797
狐狸	6798
同一	6799
保险箱	6800
途径	6801
改进	6802
衔	6803
头衔	6804
着手	6805
物体	6806
烧烤	6807
集体	6808
出错	6809
吉娜	6810
上路	6811
硬盘	6812
炫	6813
炫耀	6814
叨	6815
唠	6816
唠叨	6817
永久	6818
双重	6819
五十	6820
丑闻	6821
踝	6822
脚踝	6823
勤	6824
英文	6825
抉	6826
抉择	6827
照相	6828
髦	6829
时髦	6830
艾美	6831
警徽	6832
技能	6833
口信	6834
乳头	6835
挣钱	6836
身子	6837
出租	6838
芭	6839
芭蕾	6840
轰	6841
精英	6842
画廊	6843
破案	6844
成年人	6845
急事	6846
米奇	6847
碰头	6848
架子	6849
减轻	6850
深呼吸	6851
男女	6852
举手	6853
生长	6854
有限	6855
甲板	6856
寡	6857
寡妇	6858
举止	6859
摇摆	6860
分心	6861
目光	6862
渡	6863
笔记	6864
处置	6865
力克	6866
打发	6867
镇静	6868
采用	6869
演示	6870
名誉	6871
吸收	6872
首都	6873
庆幸	6874
测验	6875
他家	6876
保障	6877
目击者	6878
待会儿	6879
高贵	6880
统计	6881
护送	6882
生理	6883
剖	6884
解剖	6885
刑事	6886
路障	6887
担任	6888
腐	6889
腐烂	6890
容器	6891
推进	6892
打猎	6893
洗手	6894
捞	6895
融化	6896
空白	6897
海选	6898
泄漏	6899
失常	6900
发音	6901
渡过	6902
前方	6903
疤	6904
伤疤	6905
跨	6906
鳄	6907
鳄鱼	6908
皮带	6909
随身	6910
门外	6911
劫持	6912
军团	6913
场所	6914
公事	6915
传球	6916
转换	6917
六点	6918
培训	6919
布朗	6920
感人	6921
祖国	6922
奉献	6923
吉米	6924
感恩节	6925
录像带	6926
打碎	6927
霍	6928
警戒	6929
县	6930
顺着	6931
飞往	6932
海报	6933
猎物	6934
解救	6935
通向	6936
闪亮	6937
自卫	6938
酱	6939
淋	6940
淇	6941
冰淇淋	6942
犯规	6943
用不着	6944
酒后	6945
幸存	6946
路易	6947
十五	6948
无礼	6949
常规	6950
精心	6951
改善	6952
北部	6953
长相	6954
要命	6955
过错	6956
总共	6957
牵涉	6958
那年	6959
表弟	6960
何处	6961
棍	6962
恶棍	6963
激怒	6964
那段	6965
高层	6966
夷	6967
夏威夷	6968
一同	6969
团伙	6970
叒	6971
桑	6972
德语	6973
蠢事	6974
文学	6975
床单	6976
冷酷	6977
固执	6978
面部	6979
学费	6980
途中	6981
眼睁睁	6982
窗口	6983
自尊	6984
好比	6985
嫌疑人	6986
发掘	6987
贾	6988
打斗	6989
火花	6990
腥	6991
血腥	6992
登台	6993
打听	6994
债	6995
委托人	6996
谐	6997
和谐	6998
处方	6999
肤色	7000
勉	7001
勉强	7002
苏打	7003
不良	7004
这项	7005
功课	7006
坐标	7007
平均	7008
虚弱	7009
榜	7010
榜样	7011
脚下	7012
劳驾	7013
决斗	7014
龙虾	7015
虹	7016
彩虹	7017
日程	7018
贝丝	7019
说了算	7020
气息	7021
关照	7022
赤	7023
赫	7024
赫尔	7025
生来	7026
纠正	7027
乱动	7028
巨星	7029
此外	7030
用心	7031
条款	7032
制度	7033
海底	7034
让开	7035
几率	7036
侄女	7037
劳拉	7038
炮	7039
十万	7040
房产	7041
纵火	7042
慕	7043
羡	7044
羡慕	7045
抑郁	7046
谱	7047
离谱	7048
入室	7049
猜想	7050
损坏	7051
乐园	7052
赎	7053
持枪	7054
咪咪	7055
包装	7056
中断	7057
透过	7058
赛马	7059
锯	7060
游泳池	7061
星期五	7062
恐龙	7063
英勇	7064
场地	7065
担保	7066
粒	7067
特权	7068
情愿	7069
犯法	7070
教导	7071
甜美	7072
去掉	7073
液体	7074
茎	7075
阴茎	7076
恰	7077
恰好	7078
加里	7079
棍子	7080
报答	7081
鬼混	7082
致敬	7083
您好	7084
闲	7085
住所	7086
相对	7087
求助	7088
势力	7089
四分	7090
老家	7091
罗伊	7092
单纯	7093
筒	7094
认可	7095
扩	7096
扩大	7097
好些	7098
布什	7099
锤	7100
锤子	7101
东部	7102
资产	7103
沙子	7104
交出	7105
隆	7106
克隆	7107
钩	7108
整形	7109
国外	7110
干酪	7111
可信	7112
录取	7113
占领	7114
加密	7115
杰作	7116
导师	7117
销毁	7118
套房	7119
注视	7120
飓	7121
飓风	7122
病例	7123
剥夺	7124
出血	7125
翁	7126
富翁	7127
征兆	7128
饥	7129
饥饿	7130
自称	7131
火山	7132
要紧	7133
逃犯	7134
愁	7135
财政	7136
阳台	7137
画画	7138
涉嫌	7139
上级	7140
心意	7141
别无选择	7142
火腿	7143
一模一样	7144
使者	7145
火力	7146
盍	7147
磕	7148
冰块	7149
剃	7150
遗弃	7151
制止	7152
依旧	7153
差别	7154
缺陷	7155
敝	7156
憋	7157
赎金	7158
身高	7159
贱货	7160
好戏	7161
言论	7162
漆	7163
恰当	7164
安定	7165
活该	7166
传来	7167
拨打	7168
罗斯	7169
润	7170
利润	7171
简历	7172
老太太	7173
门锁	7174
小伙	7175
心烦	7176
部位	7177
后背	7178
胜任	7179
脂	7180
肪	7181
脂肪	7182
从中	7183
零钱	7184
开战	7185
帘	7186
窗帘	7187
珊	7188
苏珊	7189
惹麻烦	7190
贝蒂	7191
自责	7192
运转	7193
看好	7194
切开	7195
丝毫	7196
华丽	7197
磁	7198
磁带	7199
烟雾	7200
布丁	7201
步行	7202
占据	7203
烧伤	7204
稳住	7205
重量	7206
请便	7207
𦐇	7208
塌	7209
埋葬	7210
露面	7211
格林	7212
加快	7213
常见	7214
查尔斯	7215
捆	7216
信徒	7217
诡计	7218
虔	7219
虔诚	7220
防护	7221
摩托车	7222
迷恋	7223
粉红	7224
妖	7225
睾	7226
睾丸	7227
横	7228
前提	7229
取出	7230
木偶	7231
颁	7232
颁奖	7233
答复	7234
岗	7235
岗位	7236
暖和	7237
不但	7238
正事	7239
懒	7240
取决于	7241
无线电	7242
删	7243
过时	7244
预计	7245
中弹	7246
商品	7247
债务	7248
凯利	7249
片段	7250
滑板	7251
波特	7252
本案	7253
毳	7254
撬	7255
反复	7256
余地	7257
生化	7258
被害	7259
美分	7260
私事	7261
双胞胎	7262
阿拉	7263
一阵子	7264
摩托	7265
招供	7266
说笑	7267
偷情	7268
书店	7269
洞穴	7270
出差	7271
希特勒	7272
下车	7273
听众	7274
演说	7275
台阶	7276
口供	7277
西方	7278
请客	7279
宣称	7280
首领	7281
抗拒	7282
戒毒	7283
民族	7284
役	7285
服役	7286
星期六	7287
麦片	7288
坠	7289
坠入	7290
脚步	7291
弹药	7292
可卡因	7293
铃声	7294
精神病	7295
芒	7296
光芒	7297
停电	7298
过人	7299
赦	7300
赦免	7301
掉头	7302
难关	7303
菲尔	7304
肋	7305
肋骨	7306
嘻	7307
新生	7308
用力	7309
突出	7310
粉色	7311
盛大	7312
椒	7313
辣椒	7314
时不时	7315
不满	7316
涨	7317
揭露	7318
曼哈顿	7319
拐	7320
说唱	7321
比方	7322
契	7323
契约	7324
野餐	7325
秋天	7326
办到	7327
因果	7328
大地	7329
来回	7330
多年	7331
探戈	7332
近来	7333
经受	7334
出示	7335
知情	7336
迷你	7337
未婚妻	7338
分成	7339
尺寸	7340
破裂	7341
诸	7342
储	7343
地道	7344
家中	7345
屈服	7346
聋	7347
发狂	7348
无敌	7349
传真	7350
转向	7351
进出	7352
麦克斯	7353
激活	7354
空手	7355
美梦	7356
膜	7357
沃特	7358
鹅	7359
两边	7360
强调	7361
奖杯	7362
监听	7363
老天爷	7364
是非	7365
飞龙	7366
老鹰	7367
记号	7368
借用	7369
诈	7370
诈骗	7371
优点	7372
空调	7373
活跃	7374
人心	7375
转告	7376
崭	7377
崭新	7378
马修	7379
好意	7380
饵	7381
诱饵	7382
览	7383
展览	7384
胸罩	7385
笑声	7386
九点	7387
刺伤	7388
卬	7389
昂	7390
昂贵	7391
下雨	7392
登机	7393
履	7394
履行	7395
特警	7396
祈求	7397
宝石	7398
体温	7399
删除	7400
彩票	7401
海湾	7402
会长	7403
家属	7404
化验	7405
偏离	7406
没戏	7407
豆腐	7408
出手	7409
心碎	7410
禽	7411
禽兽	7412
读者	7413
处决	7414
回收	7415
选出	7416
汽水	7417
沉重	7418
钟头	7419
沃尔特	7420
缚	7421
束缚	7422
同一个	7423
配方	7424
摩根	7425
整容	7426
收费	7427
马蒂	7428
演习	7429
舅	7430
舅舅	7431
那场	7432
歌剧	7433
加倍	7434
蚁	7435
蚂	7436
蚂蚁	7437
分数	7438
僵硬	7439
偷看	7440
卢	7441
西班牙语	7442
鹿	7443
忧	7444
忧郁	7445
平凡	7446
认同	7447
罪案	7448
樱	7449
樱桃	7450
数据库	7451
挑起	7452
波兰	7453
活生生	7454
减速	7455
企鹅	7456
办案	7457
巴迪	7458
上千	7459
免得	7460
圣母	7461
传单	7462
瘫	7463
痪	7464
瘫痪	7465
鲜花	7466
喻	7467
比喻	7468
贩卖	7469
忽然	7470
顽	7471
顽固	7472
泼	7473
入狱	7474
黎明	7475
今夜	7476
口红	7477
身旁	7478
比萨	7479
中途	7480
包含	7481
协调	7482
整夜	7483
万分	7484
收买	7485
加班	7486
农民	7487
湖边	7488
皇帝	7489
万能	7490
夸奖	7491
代号	7492
胆小鬼	7493
诱人	7494
罕	7495
罕见	7496
缘故	7497
危害	7498
奏效	7499
铅	7500
铅笔	7501
毒素	7502
凯撒	7503
会合	7504
狩	7505
狩猎	7506
跟随	7507
外出	7508
拉开	7509
就此	7510
高尔夫	7511
旧金山	7512
起初	7513
停留	7514
劣	7515
恶劣	7516
拼图	7517
安宁	7518
炸掉	7519
默契	7520
上钩	7521
后座	7522
为难	7523
兑现	7524
水中	7525
碰面	7526
眨	7527
眨眼	7528
刺杀	7529
铁路	7530
升起	7531
追逐	7532
当面	7533
当场	7534
嘿嘿	7535
腐败	7536
截	7537
转弯	7538
一级	7539
四点	7540
毫米	7541
巫婆	7542
休想	7543
陆军	7544
激进	7545
照着	7546
房东	7547
脚印	7548
月光	7549
方位	7550
责备	7551
到位	7552
油漆	7553
演唱会	7554
辨	7555
分辨	7556
片刻	7557
松鼠	7558
往事	7559
呦	7560
剂量	7561
腰带	7562
巴库	7563
溅	7564
惊慌	7565
少数	7566
儒	7567
侏	7568
侏儒	7569
哲	7570
哲学	7571
众人	7572
里头	7573
功劳	7574
恩怨	7575
视觉	7576
衣柜	7577
法则	7578
难得	7579
早期	7580
实情	7581
拉里	7582
打交道	7583
变形	7584
当局	7585
绰	7586
绰号	7587
运送	7588
按时	7589
嚷	7590
嚷嚷	7591
映	7592
反映	7593
苔	7594
查明	7595
弱智	7596
道奇	7597
伴娘	7598
红灯	7599
行政	7600
宁静	7601
增长	7602
恺	7603
恺撒	7604
喝茶	7605
环球	7606
安置	7607
戴尔	7608
摸摸	7609
得出	7610
入睡	7611
此地	7612
熟人	7613
原告	7614
葡	7615
萄	7616
葡萄	7617
信赖	7618
靠边	7619
阻挡	7620
往往	7621
传闻	7622
猪头	7623
疫	7624
瘟	7625
瘟疫	7626
跌	7627
战役	7628
橱	7629
衣橱	7630
编造	7631
替代	7632
柜台	7633
共享	7634
机关	7635
货物	7636
上楼	7637
这块	7638
伸出	7639
告发	7640
主持人	7641
牧场	7642
极大	7643
猪肉	7644
作风	7645
味儿	7646
言语	7647
权威	7648
墙壁	7649
拿到	7650
偿还	7651
五点	7652
梯子	7653
点火	7654
再也	7655
破烂	7656
殴	7657
殴打	7658
垫底	7659
掺	7660
无权	7661
看不到	7662
上下	7663
滑冰	7664
凯西	7665
签约	7666
倾诉	7667
馨	7668
温馨	7669
立马	7670
克拉	7671
恰恰	7672
越过	7673
俄语	7674
小品	7675
游客	7676
四十	7677
身份证	7678
艾莉	7679
藏身	7680
眉	7681
眉毛	7682
智商	7683
星期天	7684
漏洞	7685
悄	7686
悄悄	7687
爹地	7688
早已	7689
无力	7690
有请	7691
罢工	7692
编号	7693
抄	7694
世人	7695
族人	7696
天分	7697
击倒	7698
乌	7699
龟	7700
乌龟	7701
住口	7702
丧命	7703
上士	7704
烧毁	7705
举起	7706
脸部	7707
一块	7708
咋	7709
脱衣舞	7710
环保	7711
米勒	7712
退缩	7713
泰国	7714
女仆	7715
失效	7716
接待	7717
传票	7718
贸	7719
贸易	7720
抵押	7721
贝卡	7722
香港	7723
办公	7724
鸟儿	7725
庭审	7726
强制	7727
捐献	7728
未婚夫	7729
政客	7730
营救	7731
便利	7732
国民	7733
通告	7734
监护	7735
惊吓	7736
溜走	7737
免疫	7738
奇特	7739
山谷	7740
驼	7741
骆	7742
骆驼	7743
敲诈	7744
后援	7745
脏话	7746
现身	7747
听从	7748
烹	7749
饪	7750
烹饪	7751
戒酒	7752
步枪	7753
丹佛	7754
收音机	7755
百老汇	7756
特色	7757
家门	7758
朝着	7759
抬头	7760
卷进	7761
蟑	7762
螂	7763
蟑螂	7764
海里	7765
扩散	7766
辅	7767
辅导	7768
何况	7769
顶尖	7770
地带	7771
咳	7772
澄	7773
澄清	7774
得意	7775
具备	7776
圣人	7777
出众	7778
匪	7779
劫匪	7780
小弟	7781
逃亡	7782
小朋友	7783
发起	7784
担忧	7785
强暴	7786
性交	7787
传输	7788
过失	7789
眼下	7790
陶	7791
兽医	7792
淡	7793
扯淡	7794
无助	7795
伊迪	7796
预期	7797
依据	7798
深度	7799
工作室	7800
伤感	7801
悬	7802
特点	7803
找寻	7804
松开	7805
泡泡	7806
一对	7807
图案	7808
拧	7809
柔软	7810
吗啡	7811
效力	7812
独家	7813
醋	7814
吃醋	7815
宅	7816
老式	7817
霍华德	7818
纪律	7819
拿手	7820
规划	7821
赏金	7822
王后	7823
后代	7824
警车	7825
身亡	7826
对比	7827
罪过	7828
羽毛	7829
化疗	7830
卡通	7831
拽	7832
自找	7833
色彩	7834
陨	7835
陨石	7836
这笔	7837
抗争	7838
游荡	7839
杜克	7840
悲痛	7841
中止	7842
构成	7843
出入	7844
劲儿	7845
强行	7846
拘捕	7847
支撑	7848
条例	7849
权限	7850
闪耀	7851
沃克	7852
航行	7853
称之为	7854
消化	7855
厢	7856
车厢	7857
姑姑	7858
酒馆	7859
警监	7860
壁橱	7861
尘	7862
车道	7863
菇	7864
蘑	7865
蘑菇	7866
归来	7867
话说	7868
围巾	7869
多次	7870
薄饼	7871
对准	7872
安全带	7873
丹尼斯	7874
疫苗	7875
十几	7876
同胞	7877
伴随	7878
牵连	7879
传出	7880
扉	7881
心扉	7882
崖	7883
悬崖	7884
中风	7885
艾比	7886
胶带	7887
占有	7888
境地	7889
第十	7890
好心	7891
𠬤	7892
泽	7893
沼	7894
沼泽	7895
恋人	7896
团聚	7897
体现	7898
仙女	7899
精液	7900
橡	7901
橡胶	7902
胆量	7903
恼火	7904
体面	7905
与否	7906
含量	7907
案例	7908
规律	7909
珍珠	7910
讯息	7911
出动	7912
无线	7913
骨灰	7914
含有	7915
导航	7916
周三	7917
惹火	7918
渎	7919
亵	7920
亵渎	7921
乐器	7922
热水	7923
腾	7924
折腾	7925
大餐	7926
祖先	7927
合格	7928
探望	7929
珀	7930
碧	7931
密切	7932
冷冻	7933
临床	7934
存活	7935
扬	7936
胎儿	7937
癫	7938
痫	7939
癫痫	7940
深夜	7941
胡闹	7942
野马	7943
鸡尾酒	7944
找乐	7945
眼熟	7946
探索者	7947
瘾君子	7948
友情	7949
开动	7950
外界	7951
巴马	7952
㸒	7953
淫	7954
投球	7955
拇	7956
拇指	7957
要不然	7958
终生	7959
心爱	7960
举报	7961
帕克	7962
理性	7963
得以	7964
性别	7965
行驶	7966
钝	7967
迟钝	7968
罗伯	7969
废弃	7970
出院	7971
颇	7972
中部	7973
克拉克	7974
外交	7975
事态	7976
盼	7977
烟草	7978
效应	7979
斗牛	7980
关押	7981
河里	7982
准则	7983
尼斯	7984
与众不同	7985
韦德	7986
庄园	7987
坏话	7988
报名	7989
躁	7990
暴躁	7991
亲口	7992
公斤	7993
葛	7994
鬼话	7995
初步	7996
逞	7997
得逞	7998
异议	7999
覆	8000
覆盖	8001
否定	8002
伴郎	8003
观念	8004
大钱	8005
欧文	8006
在座	8007
示范	8008
凯瑟琳	8009
鼓舞	8010
瑞典	8011
纸巾	8012
腹	8013
腹部	8014
热身	8015
休斯	8016
先前	8017
神经病	8018
旅店	8019
皇室	8020
盘问	8021
浇	8022
爪子	8023
薄荷	8024
服务员	8025
全美超	8026
院长	8027
规模	8028
静脉	8029
增援	8030
怀着	8031
改天	8032
洛克	8033
电报	8034
恳	8035
恳求	8036
眼球	8037
剔	8038
挑剔	8039
看成	8040
看门	8041
自负	8042
滥	8043
滥用	8044
边界	8045
怨恨	8046
恶作剧	8047
嗓子	8048
艰苦	8049
来往	8050
眼皮	8051
缉	8052
通缉	8053
笔迹	8054
特技	8055
佩	8056
佩服	8057
以免	8058
日志	8059
吉普	8060
无赖	8061
召开	8062
杰基	8063
翔	8064
飞翔	8065
心底	8066
骑车	8067
住址	8068
损害	8069
盐	8070
老家伙	8071
音乐会	8072
搭配	8073
胆子	8074
舞动	8075
青少年	8076
坠毁	8077
生还	8078
物证	8079
都会	8080
忠告	8081
难题	8082
整体	8083
统统	8084
基本上	8085
暴徒	8086
打劫	8087
重罪	8088
房顶	8089
扰乱	8090
美军	8091
酸奶	8092
奥斯卡	8093
罗伯特	8094
千年	8095
个子	8096
报社	8097
启发	8098
吨	8099
营养	8100
突发	8101
偷听	8102
热门	8103
子宫	8104
闻到	8105
报到	8106
审查	8107
占用	8108
开张	8109
错乱	8110
乏味	8111
饮食	8112
手工	8113
帅气	8114
突击	8115
玛莎	8116
谴	8117
谴责	8118
呆子	8119
推翻	8120
威力	8121
艺人	8122
潜艇	8123
七点	8124
放过	8125
虚伪	8126
测量	8127
匆	8128
匆忙	8129
战机	8130
盆	8131
药片	8132
痛恨	8133
时速	8134
忍不住	8135
飞过	8136
从而	8137
格斗	8138
及格	8139
机长	8140
敬礼	8141
吸取	8142
吹牛	8143
自大	8144
到此为止	8145
一无所知	8146
注入	8147
夜总会	8148
成天	8149
特意	8150
候选人	8151
何必	8152
前台	8153
巡演	8154
激发	8155
脸蛋	8156
辨认	8157
起火	8158
女佣	8159
轻微	8160
捐款	8161
计算机	8162
来看	8163
蜂蜜	8164
银色	8165
瞎说	8166
𦈢	8167
卸	8168
看护	8169
共识	8170
永生	8171
U	8172
兜	8173
兜风	8174
豚	8175
海豚	8176
钉子	8177
发财	8178
可耻	8179
姿态	8180
像样	8181
教皇	8182
强势	8183
压迫	8184
奖赏	8185
饭碗	8186
风声	8187
凯莉	8188
普通人	8189
比分	8190
租金	8191
拦截	8192
防卫	8193
柴	8194
火柴	8195
巡回	8196
搜集	8197
下士	8198
众多	8199
清新	8200
人情	8201
继父	8202
救助	8203
胆小	8204
专用	8205
快快	8206
剩余	8207
正要	8208
窃听	8209
界限	8210
屁话	8211
茜	8212
南茜	8213
病历	8214
金融	8215
品尝	8216
直言	8217
聆	8218
聆听	8219
茱	8220
可行	8221
经纪	8222
种子	8223
会议室	8224
囚禁	8225
欺诈	8226
董事会	8227
柯	8228
柯达	8229
不已	8230
乐团	8231
前线	8232
派出	8233
路口	8234
带到	8235
怒火	8236
快感	8237
树上	8238
理念	8239
雕塑	8240
平台	8241
装扮	8242
口香糖	8243
邮箱	8244
外加	8245
格雷	8246
充足	8247
昧	8248
冒昧	8249
抑制	8250
排名	8251
教徒	8252
嫩	8253
蔽	8254
隐蔽	8255
能耐	8256
称职	8257
帛	8258
棉	8259
怎么着	8260
大多	8261
手势	8262
蟹	8263
螃	8264
螃蟹	8265
驴	8266
人工	8267
用餐	8268
目录	8269
小便	8270
西雅图	8271
可言	8272
投手	8273
景色	8274
熊猫	8275
休庭	8276
触摸	8277
江	8278
来不及	8279
产业	8280
毒瘾	8281
公关	8282
水泥	8283
到场	8284
纳米	8285
轮子	8286
口气	8287
闪光	8288
散发	8289
群众	8290
大人物	8291
嗑	8292
新泽西	8293
巫术	8294
气质	8295
旋律	8296
任命	8297
久等	8298
采集	8299
孙女	8300
波斯	8301
炭	8302
碳	8303
教书	8304
琢	8305
琢磨	8306
车门	8307
戈登	8308
起见	8309
品质	8310
宣言	8311
再度	8312
拉链	8313
巡警	8314
毒蛇	8315
争议	8316
丹尼尔	8317
皇冠	8318
被盗	8319
宽容	8320
流感	8321
绝妙	8322
巴克	8323
宫殿	8324
负责人	8325
美貌	8326
颠	8327
颠倒	8328
车票	8329
虏	8330
俘	8331
俘虏	8332
奖学金	8333
现状	8334
等级	8335
算数	8336
堵住	8337
罐头	8338
未经	8339
耒	8340
耗	8341
耗子	8342
天亮	8343
史蒂夫	8344
实习生	8345
听证会	8346
拳王	8347
初恋	8348
特区	8349
更为	8350
总结	8351
复原	8352
美食	8353
场上	8354
开关	8355
痛快	8356
驳	8357
驳回	8358
学学	8359
都市	8360
上头	8361
乱跑	8362
金牌	8363
叭	8364
喇	8365
喇叭	8366
泉	8367
温泉	8368
摩西	8369
景象	8370
破碎	8371
结实	8372
潜入	8373
帜	8374
旗帜	8375
认输	8376
选美	8377
公交	8378
不大	8379
鲸	8380
鲸鱼	8381
绑匪	8382
十点	8383
追寻	8384
恶毒	8385
型号	8386
敬意	8387
河边	8388
冰球	8389
马戏团	8390
遗体	8391
栏	8392
专栏	8393
手续	8394
探测	8395
老友	8396
餐桌	8397
安保	8398
跳动	8399
服刑	8400
百分	8401
分歧	8402
期限	8403
智力	8404
放逐	8405
综	8406
综合	8407
笔记本	8408
打中	8409
流动	8410
补给	8411
动用	8412
筹款	8413
优美	8414
上百	8415
再生	8416
芝士	8417
木屋	8418
同居	8419
愧疚	8420
当选	8421
黑洞	8422
用户	8423
增强	8424
下毒	8425
协定	8426
处死	8427
年头	8428
婚前	8429
总监	8430
歉意	8431
烤箱	8432
肺部	8433
邦德	8434
预告	8435
热闹	8436
讪	8437
搭讪	8438
侦察	8439
反常	8440
原先	8441
受苦	8442
野营	8443
提案	8444
悼	8445
哀悼	8446
哪边	8447
转动	8448
古代	8449
书面	8450
呗	8451
缝合	8452
陆战	8453
最先	8454
莫莉	8455
肢	8456
肢体	8457
骷	8458
髅	8459
骷髅	8460
恋情	8461
黑夜	8462
炉	8463
壁炉	8464
低头	8465
遥控	8466
镯	8467
手镯	8468
松子	8469
有幸	8470
搁	8471
耽搁	8472
鸦	8473
乌鸦	8474
绷	8475
重演	8476
适用	8477
冰冷	8478
弄清	8479
围绕	8480
放出	8481
送命	8482
时报	8483
失落	8484
工会	8485
煎熬	8486
拉斯维加斯	8487
克罗伊	8488
反感	8489
照料	8490
回电	8491
索菲	8492
延长	8493
空虚	8494
东方	8495
颤	8496
颤抖	8497
最为	8498
法师	8499
看作	8500
亿万	8501
旨意	8502
光彩	8503
砖	8504
一下子	8505
共同点	8506
否决	8507
养活	8508
兼职	8509
视为	8510
外公	8511
苍白	8512
碌	8513
忙碌	8514
置于	8515
恨死	8516
排斥	8517
踪迹	8518
没完	8519
芙	8520
巨型	8521
海洛因	8522
交代	8523
活命	8524
动人	8525
品位	8526
二级	8527
欧元	8528
无能为力	8529
电视剧	8530
痊	8531
痊愈	8532
郊	8533
郊区	8534
每月	8535
脱光	8536
来得及	8537
充电	8538
行走	8539
父子	8540
至极	8541
终究	8542
星期一	8543
利息	8544
服务生	8545
坐坐	8546
贤	8547
设想	8548
用处	8549
伸展	8550
主宰	8551
地产	8552
烟花	8553
营业	8554
重力	8555
透顶	8556
北边	8557
窥	8558
偷窥	8559
教父	8560
稿	8561
议案	8562
旱	8563
悍	8564
嗽	8565
咳嗽	8566
阳性	8567
联赛	8568
改编	8569
橘	8570
橘子	8571
许诺	8572
堡垒	8573
翻过	8574
人身	8575
画像	8576
楼顶	8577
橇	8578
雪橇	8579
西北	8580
内在	8581
帅哥	8582
贫	8583
贫穷	8584
视力	8585
挑逗	8586
几十	8587
十字架	8588
唐娜	8589
斗士	8590
被害人	8591
延续	8592
粗暴	8593
指南	8594
支点	8595
国度	8596
生前	8597
晕倒	8598
棉花	8599
铜	8600
窗子	8601
坠落	8602
喷泉	8603
融合	8604
问话	8605
忍耐	8606
灭绝	8607
抛开	8608
手淫	8609
富人	8610
题目	8611
歌迷	8612
美洲	8613
栅	8614
栅栏	8615
消费	8616
机上	8617
学者	8618
柄	8619
把柄	8620
提交	8621
壳	8622
弹壳	8623
激素	8624
烦心	8625
进度	8626
水面	8627
实行	8628
样品	8629
无论是	8630
同行	8631
白费	8632
学徒	8633
快递	8634
啃	8635
岁月	8636
签证	8637
逛逛	8638
闲逛	8639
期盼	8640
寒	8641
寒冷	8642
芭芭拉	8643
痴迷	8644
漏掉	8645
尚未	8646
扮成	8647
好感	8648
泰迪	8649
教学	8650
领地	8651
凿	8652
确凿	8653
灭亡	8654
松手	8655
告密	8656
约束	8657
调头	8658
急需	8659
来得	8660
球赛	8661
专长	8662
军火	8663
人造	8664
哎哟	8665
预订	8666
悦	8667
取悦	8668
贝克	8669
理会	8670
重返	8671
欢笑	8672
瞎子	8673
为生	8674
卖力	8675
暗号	8676
庆典	8677
童子军	8678
莲	8679
缉毒	8680
低级	8681
膛	8682
此案	8683
效率	8684
合成	8685
万物	8686
指派	8687
辩解	8688
参军	8689
来访	8690
不要紧	8691
跟进	8692
查找	8693
合身	8694
值班	8695
在内	8696
沉迷	8697
披萨	8698
罪人	8699
部署	8700
中年	8701
香草	8702
控诉	8703
愉悦	8704
室内	8705
驯	8706
密室	8707
鱿	8708
鱿鱼	8709
拴	8710
额头	8711
文书	8712
为人	8713
不通	8714
揭发	8715
放假	8716
对头	8717
叫声	8718
老子	8719
性欲	8720
知晓	8721
体系	8722
用场	8723
苛	8724
苛刻	8725
战友	8726
补救	8727
绷带	8728
记载	8729
推出	8730
兄妹	8731
疲	8732
惫	8733
疲惫	8734
橙	8735
橙汁	8736
温和	8737
失血	8738
曲线	8739
乳酪	8740
紧密	8741
教养	8742
埋伏	8743
莽	8744
鲁莽	8745
生效	8746
供给	8747
冻死	8748
毛发	8749
洗洗	8750
路程	8751
误导	8752
不妥	8753
复合	8754
蜥	8755
蜴	8756
蜥蜴	8757
不顾	8758
罗尼	8759
灯塔	8760
门前	8761
标题	8762
巴里	8763
海外	8764
简短	8765
休闲	8766
伤痛	8767
褐	8768
褐色	8769
预防	8770
煤	8771
煤气	8772
缓	8773
缓解	8774
成年	8775
信用	8776
天性	8777
搏斗	8778
强力	8779
水准	8780
抚摸	8781
罗宾	8782
疑惑	8783
布鲁斯	8784
推断	8785
情妇	8786
骸	8787
残骸	8788
争斗	8789
碰见	8790
护卫	8791
新婚	8792
耀眼	8793
表妹	8794
受损	8795
直线	8796
火药	8797
外头	8798
耳机	8799
应有	8800
关节	8801
户外	8802
工地	8803
金库	8804
心理学	8805
刷牙	8806
昆虫	8807
愚弄	8808
简报	8809
掌管	8810
谦	8811
谦虚	8812
怪事	8813
市中心	8814
师父	8815
孕妇	8816
偷偷摸摸	8817
耆	8818
嗜	8819
圣地	8820
起点	8821
同谋	8822
关机	8823
竟敢	8824
特质	8825
想不到	8826
灿	8827
灿烂	8828
出身	8829
上将	8830
拐角	8831
复苏	8832
堕胎	8833
迷信	8834
死尸	8835
上空	8836
除去	8837
铲	8838
铲子	8839
清晨	8840
次数	8841
重重	8842
人命	8843
贩子	8844
从今	8845
便车	8846
提及	8847
世间	8848
挠	8849
杨	8850
应急	8851
伊娃	8852
果冻	8853
逸	8854
逃逸	8855
涕	8856
鼻涕	8857
出国	8858
开膛	8859
讨好	8860
五千	8861
没命	8862
撕裂	8863
野心	8864
科迪	8865
泡菜	8866
季度	8867
瞪	8868
任意	8869
监管	8870
酒瓶	8871
雇主	8872
侦查	8873
客观	8874
万事	8875
薇	8876
南边	8877
庶	8878
遮	8879
英格兰	8880
飞来	8881
头头	8882
早晚	8883
坚决	8884
就位	8885
试演	8886
秘方	8887
酋长	8888
茫	8889
迷茫	8890
豹	8891
重现	8892
同盟	8893
差错	8894
赎罪	8895
迷宫	8896
金币	8897
玩耍	8898
无处	8899
粉碎	8900
领主	8901
难民	8902
流泪	8903
残留	8904
视野	8905
术语	8906
自制	8907
闪闪	8908
职务	8909
花瓶	8910
肃静	8911
满满	8912
身手	8913
蹩	8914
蹩脚	8915
秘鲁	8916
诗歌	8917
有事	8918
本次	8919
衅	8920
挑衅	8921
汤尼	8922
射线	8923
乱来	8924
外部	8925
漫步	8926
血型	8927
源头	8928
疏远	8929
突袭	8930
定下	8931
斯科特	8932
动身	8933
变异	8934
迈尔斯	8935
感想	8936
亲切	8937
公道	8938
摊	8939
出轨	8940
泥土	8941
炉子	8942
听取	8943
伊朗	8944
落入	8945
特里	8946
累死	8947
小巷	8948
西服	8949
内战	8950
必然	8951
走动	8952
影星	8953
擅自	8954
手术室	8955
满嘴	8956
草地	8957
名下	8958
绳索	8959
送货	8960
耳光	8961
门铃	8962
毒死	8963
比例	8964
多多	8965
孽	8966
罪孽	8967
猎犬	8968
胡说八道	8969
假定	8970
成名	8971
黑客	8972
墟	8973
废墟	8974
逃命	8975
辉	8976
煌	8977
辉煌	8978
安顿	8979
熏肉	8980
揭开	8981
妖精	8982
蔓	8983
蔓延	8984
扒	8985
一带	8986
头晕	8987
卉	8988
奔	8989
医护	8990
坚果	8991
闲聊	8992
两三	8993
翼	8994
锐	8995
敏锐	8996
香味	8997
婆婆	8998
进程	8999
阴暗	9000
爱心	9001
爱德华	9002
弹道	9003
付费	9004
下雪	9005
剧情	9006
抽出	9007
海关	9008
俗	9009
庞	9010
退役	9011
此次	9012
风尚	9013
缩写	9014
有益	9015
光速	9016
迫使	9017
过期	9018
夜间	9019
扫地	9020
书房	9021
勾搭	9022
致力	9023
水下	9024
密封	9025
卫生间	9026
莫里斯	9027
响起	9028
呼唤	9029
审理	9030
妒忌	9031
震动	9032
混账	9033
轰动	9034
竭	9035
竭尽	9036
擦伤	9037
长老	9038
曼尼	9039
丧生	9040
狱警	9041
出击	9042
追随	9043
打印	9044
消极	9045
进城	9046
狙	9047
狙击手	9048
首饰	9049
大炮	9050
设立	9051
剧组	9052
中东	9053
弦	9054
荣恩	9055
以色列	9056
航线	9057
外边	9058
跑道	9059
冷漠	9060
北极	9061
锁门	9062
效忠	9063
序列	9064
𠬶	9065
浸	9066
沉浸	9067
日历	9068
退学	9069
乞求	9070
延期	9071
全场	9072
气死	9073
打招呼	9074
阿富汗	9075
人力	9076
牙刷	9077
饥渴	9078
同步	9079
神灵	9080
管制	9081
停职	9082
实话实说	9083
弘	9084
蒸	9085
蒸发	9086
救人	9087
体型	9088
登录	9089
电流	9090
海狸	9091
苏菲	9092
小人	9093
拥挤	9094
肾脏	9095
淘气	9096
苦难	9097
物种	9098
本书	9099
急诊室	9100
扫兴	9101
刊	9102
周刊	9103
鞋带	9104
猎杀	9105
揪	9106
妓院	9107
竖	9108
禁闭	9109
来宾	9110
建设	9111
夜班	9112
发自	9113
兰迪	9114
看望	9115
透明	9116
节省	9117
袍	9118
涌	9119
存款	9120
冲击	9121
矿	9122
缓慢	9123
丢弃	9124
加大	9125
盲	9126
盲目	9127
晚间	9128
梨	9129
茉	9130
茉莉	9131
更换	9132
窄	9133
榨	9134
处罚	9135
海浪	9136
贰	9137
腻	9138
畏惧	9139
人权	9140
留住	9141
膏	9142
唇膏	9143
逝	9144
流逝	9145
收购	9146
我国	9147
复习	9148
课堂	9149
打造	9150
繁	9151
频繁	9152
支配	9153
血样	9154
服药	9155
米莉	9156
臭味	9157
热心	9158
付清	9159
播报	9160
小路	9161
墨水	9162
活泼	9163
绕道	9164
以此	9165
管理员	9166
枝	9167
树枝	9168
帖	9169
这时候	9170
衷	9171
热衷	9172
芥	9173
芥末	9174
打牌	9175
印记	9176
克制	9177
上身	9178
野外	9179
差事	9180
证书	9181
劳动	9182
正轨	9183
幻象	9184
射门	9185
报案	9186
假日	9187
拼写	9188
交待	9189
布莱恩	9190
壮观	9191
水上	9192
时常	9193
个头	9194
选民	9195
好球	9196
旅客	9197
套装	9198
灵活	9199
牌照	9200
矿工	9201
相识	9202
肤浅	9203
跌倒	9204
住宅	9205
思念	9206
归还	9207
流传	9208
淑	9209
淑女	9210
伞	9211
跳伞	9212
心上	9213
电车	9214
募	9215
募捐	9216
崎	9217
房客	9218
成本	9219
插入	9220
毒性	9221
家务	9222
野生	9223
角逐	9224
内森	9225
史密斯	9226
皱	9227
塞勒	9228
洗礼	9229
蓄	9230
蓄意	9231
爆破	9232
假扮	9233
美容	9234
削	9235
面罩	9236
一贯	9237
科幻	9238
欣慰	9239
热带	9240
每日	9241
内脏	9242
马子	9243
捧	9244
条约	9245
民事	9246
毁坏	9247
袖子	9248
源自	9249
称赞	9250
好说	9251
参考	9252
车队	9253
性骚扰	9254
冰冻	9255
本意	9256
体操	9257
槽	9258
躲藏	9259
人手	9260
丰满	9261
股份	9262
群体	9263
失礼	9264
当做	9265
一来	9266
迷住	9267
茄子	9268
邮局	9269
州立	9270
动议	9271
侵略	9272
溜冰	9273
大鱼	9274
山顶	9275
遮住	9276
过节	9277
即兴	9278
调味	9279
麻省	9280
紧身	9281
葡萄酒	9282
组建	9283
下流	9284
巴德	9285
以内	9286
推理	9287
更新	9288
娩	9289
分娩	9290
触动	9291
圣灵	9292
上方	9293
刑警	9294
杖	9295
拐杖	9296
相见	9297
牙膏	9298
撑住	9299
授予	9300
屠夫	9301
讯号	9302
韦伯	9303
车窗	9304
拨号	9305
重组	9306
国安	9307
笑脸	9308
替换	9309
留心	9310
动物园	9311
安全感	9312
卢克	9313
底部	9314
提早	9315
庞大	9316
面谈	9317
过后	9318
悠	9319
玩牌	9320
储存	9321
忠于	9322
警署	9323
工程师	9324
美人	9325
挚	9326
挚爱	9327
罗德	9328
轰炸	9329
感恩	9330
验证	9331
勋爵	9332
一块儿	9333
传唤	9334
少见	9335
接替	9336
番茄	9337
思路	9338
行头	9339
拖鞋	9340
表哥	9341
潮流	9342
纽扣	9343
公牛	9344
淫荡	9345
私奔	9346
两千	9347
夏日	9348
白白	9349
大块头	9350
扛	9351
招募	9352
取回	9353
流浪汉	9354
金刚	9355
古典	9356
出头	9357
庞德	9358
袱	9359
包袱	9360
灯泡	9361
逃生	9362
武力	9363
嗅	9364
侧面	9365
五月	9366
徊	9367
徘	9368
徘徊	9369
坡	9370
胶片	9371
受益	9372
周到	9373
动摇	9374
彔	9375
氯	9376
尤物	9377
演技	9378
替身	9379
指使	9380
破解	9381
遗言	9382
摩擦	9383
改革	9384
可否	9385
沫	9386
泡沫	9387
返校	9388
字条	9389
事后	9390
背部	9391
捍	9392
捍卫	9393
节哀	9394
澳	9395
澳洲	9396
层次	9397
舰长	9398
拳手	9399
村民	9400
负面	9401
伽	9402
穆	9403
穆斯林	9404
劈	9405
辅助	9406
托比	9407
阿里	9408
玷	9409
玷污	9410
原理	9411
跑车	9412
初次	9413
戒备	9414
有机	9415
严密	9416
河流	9417
勾当	9418
加仑	9419
五万	9420
预先	9421
药丸	9422
宵	9423
通宵	9424
阴性	9425
桃子	9426
奇异	9427
好日子	9428
贝尔	9429
西边	9430
条纹	9431
信托	9432
透气	9433
椰	9434
椰子	9435
读读	9436
霜	9437
种种	9438
好话	9439
三千	9440
直至	9441
庇	9442
庇护	9443
渠	9444
渠道	9445
肯尼迪	9446
苏醒	9447
植入	9448
保龄球	9449
温迪	9450
气候	9451
创新	9452
点头	9453
猎枪	9454
外衣	9455
散开	9456
吊死	9457
蛋白	9458
将近	9459
奶牛	9460
电视机	9461
强悍	9462
棚	9463
当前	9464
主编	9465
啊啊	9466
哈尔	9467
谋生	9468
换上	9469
药剂	9470
梦境	9471
飞车	9472
名牌	9473
高档	9474
三百	9475
外号	9476
深表	9477
变性	9478
驰	9479
奔驰	9480
刺客	9481
还击	9482
天然	9483
吸引力	9484
绯	9485
绯闻	9486
完工	9487
地雷	9488
塑造	9489
无尽	9490
坏处	9491
浆	9492
糖浆	9493
伸手	9494
佛罗里达	9495
情人节	9496
麦克风	9497
喝彩	9498
消毒	9499
快活	9500
凡人	9501
一日	9502
收益	9503
手稿	9504
怀里	9505
把门	9506
粪	9507
宋	9508
马赛	9509
热量	9510
现有	9511
况且	9512
预谋	9513
污点	9514
得主	9515
向上	9516
骑警	9517
违规	9518
散布	9519
炮弹	9520
匡	9521
框	9522
净化	9523
口水	9524
捕捉	9525
妖怪	9526
瀑	9527
瀑布	9528
偏偏	9529
要害	9530
香料	9531
痉	9532
挛	9533
痉挛	9534
放纵	9535
风流	9536
站台	9537
班机	9538
收场	9539
心目	9540
勺子	9541
数码	9542
远程	9543
此处	9544
诀	9545
秘诀	9546
分头	9547
二战	9548
摩尔	9549
无害	9550
上海	9551
年长	9552
怀抱	9553
超大	9554
践	9555
实践	9556
福音	9557
咧	9558
拙	9559
笨拙	9560
得罪	9561
开胃	9562
救济	9563
特制	9564
贵宾	9565
纪念日	9566
出没	9567
盟友	9568
东区	9569
精明	9570
总理	9571
士官	9572
疗程	9573
付款	9574
挥手	9575
园丁	9576
闹钟	9577
尊贵	9578
老兵	9579
灰尘	9580
岂	9581
传讯	9582
零食	9583
加热	9584
深感	9585
修补	9586
十字	9587
锋	9588
锋利	9589
腌	9590
痹	9591
麻痹	9592
后卫	9593
佐	9594
路易斯	9595
艺术品	9596
垫子	9597
机遇	9598
正题	9599
女皇	9600
里奇	9601
让步	9602
拷	9603
拷贝	9604
拖住	9605
坚守	9606
银河	9607
隆重	9608
布道	9609
配对	9610
军用	9611
流言	9612
海龟	9613
高明	9614
学员	9615
指数	9616
邮票	9617
山洞	9618
偏执	9619
头版	9620
宣判	9621
流产	9622
特地	9623
毁掉	9624
蒂娜	9625
行不通	9626
看病	9627
录制	9628
乔丹	9629
衡量	9630
苦恼	9631
何方	9632
脉冲	9633
扭转	9634
常客	9635
病态	9636
纸杯	9637
永别	9638
大方	9639
咕	9640
洛根	9641
诽	9642
谤	9643
诽谤	9644
坠机	9645
前程	9646
分类	9647
泳装	9648
专利	9649
有害	9650
洪	9651
洪水	9652
十八	9653
意料	9654
关乎	9655
声誉	9656
杀光	9657
共和党	9658
公立	9659
入学	9660
出海	9661
夏季	9662
光头	9663
谷仓	9664
别扭	9665
哨	9666
口哨	9667
莫斯科	9668
泊	9669
区分	9670
明了	9671
老哥	9672
遗漏	9673
发达	9674
拣	9675
分局	9676
伯尼	9677
超速	9678
星期二	9679
入伙	9680
试试看	9681
个别	9682
编码	9683
厘	9684
厘米	9685
西南	9686
混进	9687
社团	9688
瓦斯	9689
叛军	9690
喜悦	9691
分居	9692
销量	9693
摇头	9694
诶	9695
木板	9696
盲人	9697
机灵	9698
背面	9699
藏匿	9700
水池	9701
收留	9702
天线	9703
争辩	9704
暗中	9705
刻意	9706
预报	9707
驻	9708
双人	9709
抓捕	9710
变种	9711
矮子	9712
风头	9713
通报	9714
进食	9715
上报	9716
篮子	9717
化身	9718
男孩子	9719
活人	9720
罢休	9721
泪水	9722
盼望	9723
性生活	9724
挪开	9725
精致	9726
险境	9727
巴特	9728
蹭	9729
磨蹭	9730
音响	9731
地理	9732
米饭	9733
玛雅	9734
猩	9735
猩猩	9736
店主	9737
头目	9738
基金会	9739
捷	9740
捷径	9741
惭	9742
惭愧	9743
懒得	9744
亲身	9745
覃	9746
谭	9747
六月	9748
凭空	9749
教区	9750
陆地	9751
歌星	9752
捉弄	9753
肥胖	9754
挥舞	9755
认错	9756
开支	9757
凡事	9758
阿拉伯	9759
十六	9760
伎	9761
伎俩	9762
残疾	9763
噬	9764
吞噬	9765
料理	9766
没劲	9767
逝去	9768
惧怕	9769
空地	9770
冰激凌	9771
海豹	9772
一代	9773
躯	9774
躯体	9775
积蓄	9776
自如	9777
照办	9778
把手	9779
涂鸦	9780
两万	9781
抢救	9782
服饰	9783
握住	9784
淋浴	9785
下水道	9786
有史以来	9787
触发	9788
糊弄	9789
配乐	9790
诠	9791
诠释	9792
橄榄	9793
生育	9794
无关紧要	9795
出彩	9796
叛变	9797
巷子	9798
消耗	9799
发育	9800
股东	9801
赛场	9802
恶人	9803
抬高	9804
五百	9805
梭	9806
穿梭	9807
开端	9808
线条	9809
卖淫	9810
请假	9811
叛国	9812
歌舞	9813
肠子	9814
通行证	9815
发脾气	9816
丹麦	9817
捣蛋	9818
拔掉	9819
狄	9820
费耶德	9821
修车	9822
郑	9823
掷	9824
粒子	9825
斑	9826
心事	9827
性质	9828
女伴	9829
法警	9830
歹徒	9831
胡迪	9832
北美	9833
百合	9834
甚么	9835
大桥	9836
白金	9837
星期三	9838
活活	9839
毕生	9840
愈合	9841
全美	9842
分解	9843
会谈	9844
大名	9845
浏	9846
浏览	9847
宣读	9848
外勤	9849
疲倦	9850
风度	9851
献身	9852
查清	9853
辜负	9854
房地产	9855
高跟鞋	9856
加油站	9857
於	9858
市里	9859
恭维	9860
故乡	9861
招牌	9862
枪战	9863
内幕	9864
后腿	9865
反驳	9866
常识	9867
长岛	9868
同类	9869
政权	9870
贫困	9871
栽	9872
反射	9873
盎	9874
盎司	9875
监视器	9876
斗篷	9877
止血	9878
感知	9879
正中	9880
奶子	9881
印刷	9882
姬	9883
玛姬	9884
岁数	9885
许愿	9886
甥	9887
外甥	9888
筋	9889
抽筋	9890
密探	9891
烊	9892
打烊	9893
司令	9894
化妆品	9895
现代舞	9896
缺席	9897
多半	9898
关灯	9899
乐于	9900
取名	9901
舞厅	9902
吵闹	9903
医学院	9904
人头	9905
爱国	9906
沙龙	9907
诸位	9908
字典	9909
平行	9910
平息	9911
看穿	9912
失明	9913
换取	9914
窜	9915
善事	9916
弜	9917
粥	9918
幻影	9919
十四	9920
胶水	9921
绘	9922
描绘	9923
迫害	9924
预想	9925
床垫	9926
准许	9927
干预	9928
王牌	9929
走着瞧	9930
服务器	9931
挑战赛	9932
联合国	9933
低落	9934
寄宿	9935
接球	9936
懦弱	9937
甲壳	9938
搂	9939
心怀	9940
惯例	9941
簿	9942
头顶	9943
死地	9944
肩上	9945
汉娜	9946
事发	9947
种类	9948
妞儿	9949
获奖	9950
奔跑	9951
理发	9952
进口	9953
朱玛	9954
访谈	9955
躬	9956
鞠	9957
鞠躬	9958
窃听器	9959
照样	9960
心声	9961
券	9962
证券	9963
更改	9964
外来	9965
送死	9966
音乐剧	9967
塘	9968
池塘	9969
主张	9970
陆战队	9971
洽	9972
融洽	9973
怪不得	9974
枪械	9975
死活	9976
波比	9977
皮包	9978
向导	9979
较量	9980
夺取	9981
冻结	9982
拾一	9983
近乎	9984
内阁	9985
三角	9986
杂耍	9987
短期	9988
详情	9989
看重	9990
敌意	9991
空姐	9992
探访	9993
离奇	9994
善意	9995
做主	9996
敌军	9997
揉	9998
起誓	9999
这天	10000
挪威	10001
闻名	10002
海莉	10003
少爷	10004
熄	10005
熄灭	10006
填补	10007
生动	10008
巢	10009
并肩	10010
公务	10011
花招	10012
淹没	10013
上当	10014
拷问	10015
光辉	10016
胡言	10017
接头	10018
坦率	10019
暖气	10020
强项	10021
可可	10022
费劲	10023
盯住	10024
前行	10025
昏倒	10026
正点	10027
操场	10028
忠心	10029
国旗	10030
行者	10031
订单	10032
吸食	10033
东北	10034
叹	10035
惊叹	10036
层面	10037
回信	10038
裁缝	10039
虽说	10040
饱受	10041
撤回	10042
感性	10043
闹剧	10044
北京	10045
鲑	10046
鲑鱼	10047
放射	10048
素食	10049
写字	10050
合伙	10051
鄙视	10052
徒步	10053
考察	10054
章鱼	10055
凳	10056
凳子	10057
黑道	10058
安东尼	10059
太平洋	10060
以防万一	10061
祟	10062
鬼鬼祟祟	10063
用途	10064
海水	10065
命案	10066
触犯	10067
病假	10068
早起	10069
陪审员	10070
骑兵	10071
背心	10072
放火	10073
说教	10074
社长	10075
伺	10076
伺候	10077
失手	10078
防线	10079
吃光	10080
逆	10081
叛逆	10082
变动	10083
男爵	10084
整齐	10085
伊芙	10086
风光	10087
屑	10088
潘	10089
要点	10090
远处	10091
钢铁	10092
软糖	10093
摄影机	10094
医药	10095
暴动	10096
中文	10097
便士	10098
高大	10099
诺拉	10100
无私	10101
疲劳	10102
失眠	10103
杰森	10104
理查德	10105
衰	10106
主机	10107
构思	10108
般配	10109
同性	10110
断绝	10111
菠	10112
菠萝	10113
消沉	10114
款待	10115
模范	10116
特德	10117
轮流	10118
里昂	10119
副本	10120
兰花	10121
尚宇	10122
捎	10123
半死	10124
火爆	10125
戒烟	10126
遂	10127
未遂	10128
日报	10129
星期四	10130
罚款	10131
年鉴	10132
前后	10133
不妨	10134
列出	10135
共有	10136
一心	10137
希尔	10138
亚历克斯	10139
情报局	10140
目的地	10141
内线	10142
樊	10143
攀	10144
驴子	10145
果酱	10146
消逝	10147
罗恩	10148
名称	10149
巴掌	10150
哮	10151
哮喘	10152
注重	10153
孤立	10154
替补	10155
门徒	10156
药店	10157
心血	10158
吟	10159
呻	10160
呻吟	10161
怀特	10162
她家	10163
救护	10164
改装	10165
失事	10166
回过	10167
商务	10168
飞越	10169
胆敢	10170
珍娜	10171
全能	10172
放荡	10173
栗	10174
复印	10175
常人	10176
要塞	10177
上十	10178
华氏	10179
造就	10180
淤	10181
稀	10182
稀有	10183
托马斯	10184
健身房	10185
救世主	10186
谋杀罪	10187
开业	10188
棋	10189
赞赏	10190
科尔	10191
胜负	10192
赞扬	10193
百姓	10194
敬畏	10195
撞车	10196
慈悲	10197
马歇尔	10198
赛跑	10199
猎手	10200
大脚	10201
口中	10202
丽塔	10203
弃权	10204
推动	10205
不堪	10206
遵循	10207
盏	10208
相亲	10209
蛋卷	10210
血清	10211
婶	10212
婶婶	10213
橙色	10214
德克萨斯	10215
掠	10216
掠夺	10217
米歇尔	10218
魔术师	10219
麻木	10220
丽莎	10221
行进	10222
如下	10223
刊登	10224
柳	10225
精通	10226
血缘	10227
拆除	10228
奢	10229
侈	10230
奢侈	10231
通风	10232
延伸	10233
化名	10234
脊	10235
椎	10236
脊椎	10237
方舟	10238
身处	10239
伊丽莎白	10240
上映	10241
气象	10242
词语	10243
纯属	10244
跟班	10245
认知	10246
喘气	10247
纳杉	10248
出丑	10249
下集	10250
折断	10251
糙	10252
粗糙	10253
萝卜	10254
口渴	10255
失灵	10256
不曾	10257
曲棍球	10258
话语	10259
回话	10260
空缺	10261
错事	10262
泳衣	10263
投篮	10264
星座	10265
胡话	10266
三分	10267
手动	10268
硬汉	10269
日语	10270
伐	10271
步伐	10272
奚	10273
溪	10274
手艺	10275
畅	10276
流畅	10277
击打	10278
扣押	10279
梅毒	10280
毒物	10281
小宝宝	10282
脱水	10283
元老	10284
不便	10285
新手	10286
艾拉	10287
挫	10288
挫折	10289
做人	10290
启示	10291
佩顿	10292
吸气	10293
腾达	10294
牛仔裤	10295
哈罗德	10296
自便	10297
处处	10298
大姐	10299
伏击	10300
环绕	10301
散播	10302
推开	10303
萨利	10304
工夫	10305
付账	10306
野猫	10307
调出	10308
疏忽	10309
遍布	10310
即时	10311
动态	10312
旉	10313
敷	10314
重逢	10315
闹鬼	10316
痴呆	10317
堂兄	10318
衰竭	10319
筹集	10320
极为	10321
转悠	10322
民谣	10323
咆	10324
咆哮	10325
键盘	10326
施舍	10327
救活	10328
延迟	10329
厩	10330
马厩	10331
杰米	10332
核对	10333
坎	10334
上个月	10335
大号	10336
决策	10337
创建	10338
里边	10339
厄尼	10340
虚假	10341
饶恕	10342
斧	10343
斧头	10344
髓	10345
骨髓	10346
搭乘	10347
树木	10348
连锁	10349
长发	10350
超模	10351
收视率	10352
卡门	10353
很难说	10354
火把	10355
施展	10356
缆	10357
电缆	10358
网页	10359
钟声	10360
法式	10361
余下	10362
丐	10363
乞丐	10364
藐	10365
藐视	10366
割断	10367
副作用	10368
同情心	10369
全速	10370
上天	10371
油门	10372
置身	10373
案情	10374
叉子	10375
匕首	10376
贝壳	10377
转机	10378
粗俗	10379
克莱	10380
渊	10381
深渊	10382
咖啡店	10383
大喊大叫	10384
综合症	10385
参赛者	10386
疤痕	10387
沸	10388
沸腾	10389
巧妙	10390
取胜	10391
微妙	10392
月经	10393
剪辑	10394
炸鸡	10395
弯曲	10396
宣告	10397
农夫	10398
南美	10399
同感	10400
篝	10401
篝火	10402
火热	10403
群岛	10404
草率	10405
生于	10406
习俗	10407
冒充	10408
铭	10409
铭记	10410
凶杀案	10411
例行	10412
驱使	10413
紧迫	10414
动听	10415
相连	10416
衷心	10417
残暴	10418
怪罪	10419
绊	10420
绊倒	10421
伸张	10422
日出	10423
大伙儿	10424
充实	10425
储备	10426
纷	10427
纠纷	10428
下属	10429
捏造	10430
周边	10431
梳	10432
大兵	10433
身心	10434
醉鬼	10435
舷	10436
观光	10437
脸红	10438
备份	10439
手掌	10440
一旁	10441
上层	10442
迫切	10443
顺路	10444
粪便	10445
人马	10446
宵禁	10447
羔羊	10448
玛吉	10449
和尚	10450
炖	10451
靓	10452
性关系	10453
国防部	10454
渗	10455
渗透	10456
秃	10457
秃头	10458
奖章	10459
充斥	10460
气罐	10461
吹嘘	10462
脑筋	10463
主公	10464
杂碎	10465
托举	10466
足迹	10467
案发	10468
达西	10469
守则	10470
颁发	10471
表扬	10472
暴君	10473
进场	10474
心愿	10475
莫斯	10476
临死	10477
四月	10478
世事	10479
黑市	10480
自行	10481
宣扬	10482
爱意	10483
单元	10484
头巾	10485
幽默感	10486
进军	10487
探视	10488
转播	10489
步入	10490
拉拉队	10491
洋娃娃	10492
领土	10493
蚊	10494
蚊子	10495
小菜	10496
落地	10497
爆米花	10498
辛普森	10499
智能	10500
妥当	10501
厨子	10502
无畏	10503
潜质	10504
暗算	10505
逗留	10506
佳人	10507
整洁	10508
当兵	10509
追赶	10510
起草	10511
看透	10512
挨饿	10513
立正	10514
下达	10515
南非	10516
贝拉	10517
在案	10518
苗条	10519
隐秘	10520
向往	10521
粗话	10522
享有	10523
鹉	10524
鹦	10525
鹦鹉	10526
打针	10527
项圈	10528
洗衣	10529
灌输	10530
耳边	10531
满怀	10532
起源	10533
棒棒糖	10534
存放	10535
十一	10536
尽兴	10537
未必	10538
赌徒	10539
树叶	10540
一无所有	10541
施加	10542
全副	10543
漫漫	10544
顾虑	10545
开价	10546
侍	10547
侍者	10548
快餐	10549
肇	10550
肇事	10551
数千	10552
贵干	10553
乱七八糟	10554
雪山	10555
半身	10556
大头	10557
扣子	10558
消磨	10559
休克	10560
描写	10561
思绪	10562
彭	10563
盾牌	10564
普遍	10565
雪莉	10566
嗝	10567
打嗝	10568
经费	10569
熬夜	10570
迷糊	10571
大力	10572
照相机	10573
垃圾桶	10574
约瑟夫	10575
布鲁克林	10576
包里克	10577
底特律	10578
达拉斯	10579
烂摊子	10580
基督徒	10581
迫不及待	10582
癖	10583
镇静剂	10584
志愿者	10585
大学生	10586
嗷	10587
裔	10588
各就各位	10589
老头子	10590
计程车	10591
纪念品	10592
男子汉	10593
夏洛特	10594
寇	10595
无家可归	10596
摇滚乐	10597
体育馆	10598
一部分	10599
腺	10600
肾上腺	10601
龙卷风	10602
更衣室	10603
火车站	10604
以至于	10605
天花板	10606
独一无二	10607
成千上万	10608
华尔兹	10609
电影院	10610
天主教	10611
监护权	10612
此时此刻	10613
发布会	10614
休息室	10615
不至于	10616
基督教	10617
土耳其	10618
布拉格	10619
瑜	10620
清洁工	10621
汉堡包	10622
哈里斯	10623
胡萝卜	10624
几百万	10625
演播室	10626
各种各样	10627
阿根廷	10628
木乃伊	10629
战利品	10630
性行为	10631
除此之外	10632
想象力	10633
法学院	10634
中间人	10635
冥	10636
可不可以	10637
不得了	10638
孤儿院	10639
看样子	10640
糖尿病	10641
修道院	10642
汀	10643
贾斯汀	10644
避孕套	10645
说来话长	10646
芭蕾舞	10647
监护人	10648
约翰逊	10649
储藏室	10650
那会儿	10651
正常人	10652
发动机	10653
辩护律师	10654
逍	10655
逍遥法外	10656
找麻烦	10657
音乐家	10658
暴风雨	10659
幼儿园	10660
聪明人	10661
半辈子	10662
弗兰基	10663
维多利亚	10664
互联网	10665
警卫队	10666
影响力	10667
布赖恩	10668
宇航员	10669
黛	10670
望远镜	10671
说服力	10672
玛利亚	10673
共和国	10674
马拉松	10675
荷尔蒙	10676
一瞬间	10677
锦	10678
锦标赛	10679
过不去	10680
金枪鱼	10681
刘	10682
刘易斯	10683
大规模	10684
咻	10685
管闲事	10686
上星期	10687
大使馆	10688
探测器	10689
拿破仑	10690
加把劲	10691
圣诞树	10692
飙	10693
杀人狂	10694
民主党	10695
建筑师	10696
维克多	10697
百分之百	10698
迪斯科	10699
悚	10700
胜利者	10701
时间表	10702
壶	10703
哔	10704
艾滋病	10705
巴基斯坦	10706
威尼斯	10707
高中生	10708
哥伦比亚	10709
安德鲁	10710
氪	10711
坨	10712
雅各布	10713
大屠杀	10714
帕特里克	10715
花生酱	10716
嗒	10717
爱好者	10718
遥控器	10719
不怎么	10720
与此同时	10721
精神病院	10722
复活节	10723
比基尼	10724
动脉瘤	10725
避难所	10726
黑手党	10727
奥斯汀	10728
动手术	10729
闹着玩	10730
发电机	10731
格兰特	10732
家里人	10733
咖啡馆	10734
大吃一惊	10735
止痛药	10736
中转站	10737
约翰尼	10738
太空船	10739
从来不	10740
重量级	10741
许可证	10742
领导者	10743
奥德莉	10744
建筑物	10745
麦迪逊	10746
核武器	10747
圣地亚哥	10748
大自然	10749
大个子	10750
原子弹	10751
异教徒	10752
被告人	10753
青春期	10754
抗生素	10755
澳大利亚	10756
好家伙	10757
管理局	10758
没意思	10759
添麻烦	10760
柯林斯	10761
安眠药	10762
爵士舞	10763
代理人	10764
微波炉	10765
拍卖会	10766
书呆子	10767
榴	10768
手榴弹	10769
保险柜	10770
两百万	10771
表演者	10772
有助于	10773
大家庭	10774
罗密欧	10775
强奸犯	10776
劳伦斯	10777
小提琴	10778
控制室	10779
杂货店	10780
戏剧性	10781
就是了	10782
判断力	10783
乡巴佬	10784
粉红色	10785
决不会	10786
过日子	10787
打火机	10788
寄生虫	10789
对讲机	10790
番茄酱	10791
办公桌	10792
私生活	10793
艾米莉	10794
不好过	10795
菲利普	10796
没完没了	10797
参议院	10798
夏令营	10799
叠	10800
神经质	10801
莎士比亚	10802
下星期	10803
柯蒂斯	10804
黑社会	10805
奥运会	10806
安全部	10807
集中营	10808
醇	10809
类固醇	10810
潜意识	10811
一无所获	10812
降落伞	10813
斯蒂芬	10814
瘀	10815
戴维斯	10816
女招待	10817
布洛克	10818
安吉拉	10819
全身心	10820
数百万	10821
赴	10822
全力以赴	10823
头等舱	10824
无缘无故	10825
可怜虫	10826
差点儿	10827
亚历山大	10828
无所事事	10829
妃	10830
真心话	10831
这会儿	10832
炒鱿鱼	10833
未成年	10834
比利时	10835
为所欲为	10836
显而易见	10837
拳击手	10838
蛋白质	10839
人行道	10840
埃里克	10841
咖啡因	10842
佛罗多	10843
垃圾箱	10844
推销员	10845
爵士乐	10846
会计师	10847
比不上	10848
负罪感	10849
旅行者	10850
上百万	10851
高尔夫球	10852
公文包	10853
美人鱼	10854
备忘录	10855
逮捕令	10856
家门口	10857
老太婆	10858
一大早	10859
方向盘	10860
外国人	10861
艾伯特	10862
亚特兰大	10863
布坎南	10864
移民局	10865
自以为是	10866
检察院	10867
一千万	10868
高速公路	10869
灰姑娘	10870
大西洋	10871
修正案	10872
孟菲斯	10873
紧身衣	10874
讨价还价	10875
斯坦福	10876
发射器	10877
布雷克	10878
明信片	10879
咦	10880
告密者	10881
录音带	10882
一塌糊涂	10883
竭尽全力	10884
安全局	10885
支持者	10886
电话线	10887
乔纳森	10888
情绪化	10889
高速路	10890
林德曼	10891
驾驶员	10892
卵	10893
检查官	10894
领导人	10895
马铃薯	10896
玛丽亚	10897
承包商	10898
詹姆士	10899
一次性	10900
重要性	10901
维也纳	10902
指挥部	10903
化合物	10904
战斗机	10905
米兰达	10906
老伙计	10907
马库斯	10908
遛	10909
另一方面	10910
不久前	10911
加利福尼亚	10912
文森特	10913
白兰地	10914
单身汉	10915
侬	10916
手提箱	10917
传感器	10918
恐惧症	10919
招待会	10920
喋	10921
喋喋不休	10922
彻头彻尾	10923
亨德森	10924
突击队	10925
救生员	10926
创造力	10927
动画片	10928
大惊小怪	10929
至关重要	10930
阿拉斯加	10931
奎	10932
猫头鹰	10933
踢踏舞	10934
政治家	10935
市政厅	10936
真面目	10937
伪君子	10938
垃圾堆	10939
麻醉剂	10940
司法部	10941
卢卡斯	10942
毕业生	10943
阿萨德	10944
乔安娜	10945
加勒比	10946
本杰明	10947
兴奋剂	10948
克雷塞	10949
马克思	10950
一时间	10951
一无是处	10952
天知道	10953
代言人	10954
打官司	10955
袖手旁观	10956
崽	10957
兔崽子	10958
难为情	10959
共产党	10960
手指头	10961
洗衣机	10962
克格勃	10963
放射性	10964
斯坦利	10965
死胡同	10966
奥利弗	10967
流浪者	10968
到头来	10969
不用说	10970
防火墙	10971
随心所欲	10972
胺	10973
殖	10974
殖民地	10975
·	10976
杰克·鲍尔	10977
保释金	10978
华尔街	10979
撇	10980
左撇子	10981
执行官	10982
琪	10983
并非如此	10984
金字塔	10985
杰西卡	10986
替罪羊	10987
娅	10988
乔治娅	10989
一举一动	10990
穿梭机	10991
杰克逊	10992
小兄弟	10993
记不清	10994
莫名其妙	10995
脑震荡	10996
研究生	10997
布鲁诺	10998
威尔逊	10999
好不容易	11000
新奥尔良	11001
艾米丽	11002
摄影棚	11003
殡	11004
殡仪馆	11005
是因为	11006
桑德拉	11007
合唱团	11008
坏主意	11009
锡	11010
麦卡锡	11011
吸尘器	11012
拉丁语	11013
尽力而为	11014
制造商	11015
被害者	11016
巴格达	11017
爱国者	11018
拘留所	11019
嬉	11020
嬉皮士	11021
中世纪	11022
领事馆	11023
迪斯尼	11024
运动鞋	11025
终结者	11026
尼克松	11027
每时每刻	11028
痣	11029
酮	11030
嘣	11031
阿姆斯特丹	11032
喵	11033
特种部队	11034
五角大楼	11035
夥	11036
核磁共振	11037
换句话说	11038
格列登科	11039
弗朗西斯	11040
一般来说	11041
理所当然	11042
种族主义	11043
无处不在	11044
不知所措	11045
踹	11046
寐	11047
梦寐以求	11048
直升飞机	11049
长话短说	11050
玛格丽特	11051
嘎	11052
裘	11053
天主教徒	11054
诸如此类	11055
尽管如此	11056
尼古拉斯	11057
糗	11058
激动人心	11059
爱因斯坦	11060
四分之一	11061
心烦意乱	11062
胡言乱语	11063
伊莎贝尔	11064
轻而易举	11065
不择手段	11066
千真万确	11067
襄	11068
囊	11069
梦想成真	11070
前所未有	11071
无可奉告	11072
引人注目	11073
精疲力尽	11074
从头到尾	11075
多管闲事	11076
蒙在鼓里	11077
百万富翁	11078
普林斯顿	11079
意想不到	11080
了如指掌	11081
不可避免	11082
无与伦比	11083
感激不尽	11084
巴尔的摩	11085
迄	11086
迄今为止	11087
一如既往	11088
阿司匹林	11089
一清二楚	11090
藉	11091
孤身一人	11092
波多黎各	11093
弗吉尼亚	11094
情不自禁	11095
未成年人	11096
克里斯蒂	11097
巡回演出	11098
不可理喻	11099
阿姆斯特朗	11100
葡萄牙语	11101
开诚布公	11102
总的来说	11103
平安无事	11104
马西墨斯	11105
出乎意料	11106
有线电视	11107
一路顺风	11108
视而不见	11109
卡斯特罗	11110
墨西哥人	11111
想方设法	11112
耶路撒冷	11113
无话可说	11114
阿尔梅达	11115
一见钟情	11116
指手画脚	11117
下定决心	11118
阿尔巴尼亚	11119
